Workbook

Sheet 읽어보기
A1: 숲속 원정대 — 장비 DB (1단계)
A3: 규칙 (요청 사양)
B4: 등급 8단계: UC < C < R < SR < SSR < UR < Legend(L) < Elder(E).
B5: 부위: 직업별 무기 · 갑옷 · 소울 메달 / 공통 반지 · 목걸이 · 벨트.
B6: 직업 무기·갑옷은 직업에 맞는 주 스탯 + 고유 스킬 효과가 붙는다. 추가 옵션은 R부터 1개씩 늘어 UR에서 최대 4개.
B7: L: 보석 슬롯 1개 + (직업 특성 스탯 또는 스킬 보너스) 0~1개.
B8: E: 보석 슬롯 1~3개 + 직업 특성 스탯 1개 + 스킬 보너스 0~2개.
B9: 보석: 각 스테이지 보스 처치 보상. 등급별 효과 개수 R까지 1개 · UR까지 2개 · E까지 3개.
A10: 밸런스 원칙 (전략 RPG)
B11: 큰 적은 [방어 태세](받는 피해 감소)와 [그로기 게이지]를 가진다. 기절·스킬·차지 끊기로 게이지를 깎으면 6초간 무방비(방어 해제 + 받는 피해 +50%).
B12: → 비슷한 등급에서는 딜만 올려 밀어붙이는 플레이(딜찍누)보다 기믹 공략이 확실히 유리하도록 조정. 딜만으로 이기려면 2등급 이상 차이가 필요하도록 목표.
B13: → 추가 옵션/보석에 공략 스탯(그로기 피해, 그로기 적 피해, 기절·도발 지속)을 넣어 장비로도 공략 빌드를 만들 수 있게 함.
B14: → 순수 딜 옵션은 1줄당 전투력 약 1.1%, 생존/공략 옵션은 약 1.5%로 책정 (딜 옵션이 더 약함).
A15: 시트 안내
B16: 등급 · 스탯 · 장비_기본 · 추가옵션 · 직업특성스탯 · 스킬보너스 · 보석 · 난이도 · 드랍테이블: 원본 데이터 (파란 글씨 = 수정 가능한 입력값).
B17: 장비_등급별: 장비 49종 × 8등급의 실제 수치. 모두 수식(장비_기본 × 등급 배율) — 입력값을 바꾸면 자동 갱신.
B18: 밸런스분석: 등급별 전투력, 옵션 공정성, 누적 상한, 전투 시뮬 승률(기믹 공략 vs 딜만), 딜찍누 지수. 시뮬 결과는 tools/equip_balance.cjs 실행 결과 값.
A19: 색 규칙
B20: 파란 글씨 = 입력값 / 검정 = 수식 / 초록 = 다른 시트 참조 / 노란 칸 = 핵심 가정.
A21: 가정 · 확인이 필요한 점
B22: 1) 등급 순서는 요청에 적힌 순서대로 UC를 최하위로 두었다 (일반적으로는 C < UC인 경우도 있음).
B23: 2) L·E도 추가 옵션 4개를 유지 (UR 최대 4개 규칙의 연장). L·E의 차별점은 보석 슬롯 · 특성 스탯 · 스킬 보너스.
B24: 3) 공통 장신구(반지·목걸이·벨트)의 L·E 직업 특성 스탯/스킬 보너스는 착용한 캐릭터의 직업 기준으로 붙는다.
B25: 4) 소울 메달 = 직업 특성 스탯 + ①(갑옷)·②(무기) 스킬 위력 강화. 필살기 변형은 캐릭터 중복 돌파로 이동. 메달의 최종 역할은 docs/GAME_DESIGN.md 8장에 보류 안으로 기록.
B26: 5) 장비가 원정 사이에 유지(영구 성장)된다고 가정 → 적 강함을 8단계 난이도로 나눔 (난이도 시트). 데모의 기본 던전 = 견습(T1) 아래 단계.
B27: 6) "각 스테이지 보스" — 현재 데모는 5스테이지 보스 1종뿐. 보석 드랍은 보스 노드 기준으로 정의 (스테이지별 중간 보스 추가 시 동일 테이블 사용).
B28: 7) 승률 수치는 헤드리스 시뮬(3개 파티 조합 × 시드, 4스테이지 일반/정예 + 보스) 기준이며 실제 플레이어 실력에 따라 달라진다.

Sheet 등급
A1: 등급
A2: 주 스탯 배율 · 옵션 개수 · 옵션 배율 · 고유 효과 배율 · 보석 슬롯 · 특성/스킬 보너스 · 보석 등급 효과
A4: 등급 | B4: 이름 | C4: 주 스탯 배율 | D4: 추가 옵션 수 | E4: 옵션 수치 배율 | F4: 고유 효과 배율 | G4: 보석 슬롯 최소 | H4: 보석 슬롯 최대 | I4: 특성 스탯 최소 | J4: 특성 스탯 최대 | K4: 스킬 보너스 최소 | L4: 스킬 보너스 최대 | M4: 보석 효과 개수 | N4: 보석 수치 배율 | O4: 주 스탯 증가율(전 등급 대비)
A5: UC | B5: UC | C5: 1 | D5: 0 | E5: 0 | F5: 1 | G5: 0 | H5: 0 | I5: 0 | J5: 0 | K5: 0 | L5: 0 | M5: 1 | N5: 1 | O5: =IF(ROW()=5,"-",C5/C4-1) -> -
A6: C | B6: C | C6: 1.45 | D6: 0 | E6: 0 | F6: 1.35 | G6: 0 | H6: 0 | I6: 0 | J6: 0 | K6: 0 | L6: 0 | M6: 1 | N6: 1.25 | O6: =IF(ROW()=5,"-",C6/C5-1) -> 0.45
A7: R | B7: R | C7: 1.7 | D7: 1 | E7: 1 | F7: 1.5 | G7: 0 | H7: 0 | I7: 0 | J7: 0 | K7: 0 | L7: 0 | M7: 1 | N7: 1.5 | O7: =IF(ROW()=5,"-",C7/C6-1) -> 0.17241379
A8: SR | B8: SR | C8: 2.1 | D8: 2 | E8: 1.15 | F8: 1.75 | G8: 0 | H8: 0 | I8: 0 | J8: 0 | K8: 0 | L8: 0 | M8: 2 | N8: 1.8 | O8: =IF(ROW()=5,"-",C8/C7-1) -> 0.23529412
A9: SSR | B9: SSR | C9: 2.55 | D9: 3 | E9: 1.3 | F9: 2 | G9: 0 | H9: 0 | I9: 0 | J9: 0 | K9: 0 | L9: 0 | M9: 2 | N9: 2.1 | O9: =IF(ROW()=5,"-",C9/C8-1) -> 0.21428571
A10: UR | B10: UR | C10: 3.05 | D10: 4 | E10: 1.5 | F10: 2.3 | G10: 0 | H10: 0 | I10: 0 | J10: 0 | K10: 0 | L10: 0 | M10: 2 | N10: 2.4 | O10: =IF(ROW()=5,"-",C10/C9-1) -> 0.19607843
A11: L | B11: Legend | C11: 3.2 | D11: 4 | E11: 1.55 | F11: 2.65 | G11: 1 | H11: 1 | I11: 0 | J11: 1 | K11: 0 | L11: 1 | M11: 3 | N11: 2.65 | O11: =IF(ROW()=5,"-",C11/C10-1) -> 0.049180328
A12: E | B12: Elder | C12: 3.3 | D12: 4 | E12: 1.58 | F12: 3 | G12: 1 | H12: 3 | I12: 1 | J12: 1 | K12: 0 | L12: 2 | M12: 3 | N12: 2.9 | O12: =IF(ROW()=5,"-",C12/C11-1) -> 0.03125
A14: L 추가 효과 확률
A15: 없음 | B15: 30 | C15: =B15/SUM($B$15:$B$17) -> 0.3
A16: 특성 스탯 | B16: 35 | C16: =B16/SUM($B$15:$B$17) -> 0.35
A17: 스킬 보너스 | B17: 35 | C17: =B17/SUM($B$15:$B$17) -> 0.35
A19: E 보석 슬롯 확률
A20: 1칸 | B20: 55 | C20: =B20/SUM($B$20:$B$22) -> 0.55
A21: 2칸 | B21: 33 | C21: =B21/SUM($B$20:$B$22) -> 0.33
A22: 3칸 | B22: 12 | C22: =B22/SUM($B$20:$B$22) -> 0.12
A24: E 스킬 보너스 확률
A25: 0개 | B25: 40 | C25: =B25/SUM($B$25:$B$27) -> 0.4
A26: 1개 | B26: 45 | C26: =B26/SUM($B$25:$B$27) -> 0.45
A27: 2개 | B27: 15 | C27: =B27/SUM($B$25:$B$27) -> 0.15
A29: 가중치는 상대값. 확률 = 가중치 ÷ 합계.

Sheet 스탯
A1: 스탯
A2: 전투력 가중치(pw): 스탯 1%p가 전투력 몇 %에 해당하는지 (밸런스 분석용 근사)
A4: 키 | B4: 이름 | C4: 단위 | D4: 전투력 가중치 | E4: 상한 | F4: 공략 스탯 | G4: 비고
A5: atk | B5: 공격력 | C5: 수치 | D5: 환산 | E5: - | G5: 직업 기본 공격력 대비로 환산
A6: hp | B6: 체력 | C6: 수치 | D6: 환산 | E6: - | G6: 직업 기본 체력 대비로 환산
A7: atk_pct | B7: 공격력% | C7: % | D7: 0.5 | E7: -
A8: hp_pct | B8: 체력% | C8: % | D8: 0.5 | E8: -
A9: dr | B9: 받는 피해 감소 | C9: % | D9: 0.6 | E9: 0.5
A10: aspd | B10: 공격 속도 | C10: % | D10: 0.3 | E10: 0.5
A11: crit | B11: 치명타 확률 | C11: % | D11: 0.3 | E11: 0.6
A12: critdmg | B12: 치명타 피해 | C12: % | D12: 0.1 | E12: -
A13: skilldmg | B13: 스킬 피해 | C13: % | D13: 0.2 | E13: -
A14: cdr | B14: 쿨타임 감소 | C14: % | D14: 0.35 | E14: 0.4
A15: heal | B15: 회복량 | C15: % | D15: 0.2 | E15: -
A16: ultgain | B16: 필살기 충전 | C16: % | D16: 0.12 | E16: 0.8
A17: mspd | B17: 이동 속도 | C17: % | D17: 0.08 | E17: 0.5
A18: dotdmg | B18: 지속 피해 | C18: % | D18: 0.06 | E18: -
A19: ccdur | B19: 기절·도발 지속 | C19: % | D19: 0.1 | E19: - | F19: O
A20: breakdmg | B20: 그로기 피해 | C20: % | D20: 0.1 | E20: - | F20: O | G20: 그로기 게이지를 더 크게 깎는다 (공략 스탯)
A21: s1pow | B21: ① 스킬 위력 | C21: % | D21: 0.12 | E21: - | G21: 소울 메달 주 스탯 (갑옷 스킬)
A22: s2pow | B22: ② 스킬 위력 | C22: % | D22: 0.12 | E22: - | G22: 소울 메달 주 스탯 (무기 스킬)
A23: vsbroken | B23: 그로기 적 피해 | C23: % | D23: 0.1 | E23: - | F23: O | G23: 그로기 상태 적에게 주는 피해 (공략 스탯)

Sheet 장비_기본
A1: 장비 기본값 (UC 기준)
A2: 등급별 수치 = 기본값 × 등급 배율. 공격력·체력은 수치, 나머지는 비율.
A4: ID | B4: 이름 | C4: 부위 | D4: 직업 | E4: 라인 | F4: 주 스탯1 | G4: 기본값1 | H4: 주 스탯2 | I4: 기본값2 | J4: 고유 효과 | K4: 고유 기본값 | L4: 단위 | M4: 고유 효과 키
A5: tank_weapon_1 | B5: 수호자의 메이스 | C5: 무기 | D5: 탱커 | E5: 1 | F5: 공격력 | G5: 2.2 | H5: 받는 피해 감소 | I5: 0.006 | J5: ② 방패 강타 그로기 피해 +[값]% | K5: 15 | L5: % | M5: s2_break
A6: tank_weapon_2 | B6: 맹세의 장검 | C6: 무기 | D6: 탱커 | E6: 2 | F6: 공격력 | G6: 2.2 | H6: 받는 피해 감소 | I6: 0.006 | J6: ① 도발 중 받는 피해 감소 +[값]%p | K6: 3 | L6: %p | M6: s1_guard
A7: tank_weapon_3 | B7: 성채의 철퇴 | C7: 무기 | D7: 탱커 | E7: 3 | F7: 공격력 | G7: 2.2 | H7: 받는 피해 감소 | I7: 0.006 | J7: 평타 적중 시 [값]% 확률로 0.6초 기절 | K7: 3 | L7: % | M7: basic_stun_chance
A8: tank_armor_1 | B8: 성벽 판금갑 | C8: 갑옷 | D8: 탱커 | E8: 1 | F8: 체력 | G8: 52 | H8: 받는 피해 감소 | I8: 0.006 | J8: 차지 공격 피해 -[값]% | K8: 6 | L8: % | M8: charge_dr
A9: tank_armor_2 | B9: 맹세의 사슬갑 | C9: 갑옷 | D9: 탱커 | E9: 2 | F9: 체력 | G9: 52 | H9: 받는 피해 감소 | I9: 0.006 | J9: ① 도발 지속 +[값]초 | K9: 0.3 | L9: 초 | M9: s1_taunt_dur
A10: tank_armor_3 | B10: 가시 갑옷 | C10: 갑옷 | D10: 탱커 | E10: 3 | F10: 체력 | G10: 52 | H10: 받는 피해 감소 | I10: 0.006 | J10: 받은 근접 피해의 [값]% 반사 | K10: 5 | L10: % | M10: thorns
A11: tank_medal_1 | B11: 불굴의 소울 메달 | C11: 소울 메달 | D11: 탱커 | E11: 1 | F11: 받는 피해 감소 | G11: 0.012 | H11: ① 스킬 위력 | I11: 0.1 | J11: -
A12: tank_medal_2 | B12: 수호성의 소울 메달 | C12: 소울 메달 | D12: 탱커 | E12: 2 | F12: 받는 피해 감소 | G12: 0.012 | H12: ② 스킬 위력 | I12: 0.1 | J12: -
A13: melee_weapon_1 | B13: 바람의 쌍검 | C13: 무기 | D13: 근딜 | E13: 1 | F13: 공격력 | G13: 4 | H13: 치명타 피해 | I13: 0.03 | J13: ① 급소 베기 출혈 피해 +[값]% | K13: 10 | L13: % | M13: s1_bleed
A14: melee_weapon_2 | B14: 파쇄자의 대검 | C14: 무기 | D14: 근딜 | E14: 2 | F14: 공격력 | G14: 4 | H14: 치명타 피해 | I14: 0.03 | J14: 그로기 적에게 피해 +[값]% | K14: 8 | L14: % | M14: vs_broken
A15: melee_weapon_3 | B15: 그림자 단검 | C15: 무기 | D15: 근딜 | E15: 3 | F15: 공격력 | G15: 4 | H15: 치명타 피해 | I15: 0.03 | J15: ② 회전 베기 범위 +[값]% | K15: 5 | L15: % | M15: s2_area
A16: melee_armor_1 | B16: 사냥꾼의 가죽갑 | C16: 갑옷 | D16: 근딜 | E16: 1 | F16: 체력 | G16: 30 | H16: 공격 속도 | I16: 0.02 | J16: 적 처치 시 2초간 공격 속도 +[값]% | K16: 10 | L16: % | M16: kill_aspd
A17: melee_armor_2 | B17: 검무사의 경갑 | C17: 갑옷 | D17: 근딜 | E17: 2 | F17: 체력 | G17: 30 | H17: 공격 속도 | I17: 0.02 | J17: ② 회전 베기 쿨타임 -[값]% | K17: 4 | L17: % | M17: s2_cd
A18: melee_armor_3 | B18: 핏빛 망토 | C18: 갑옷 | D18: 근딜 | E18: 3 | F18: 체력 | G18: 30 | H18: 공격 속도 | I18: 0.02 | J18: 출혈 걸린 적에게 피해 +[값]% | K18: 5 | L18: % | M18: vs_bleed
A19: melee_medal_1 | B19: 검귀의 소울 메달 | C19: 소울 메달 | D19: 근딜 | E19: 1 | F19: 치명타 피해 | G19: 0.06 | H19: ① 스킬 위력 | I19: 0.1 | J19: -
A20: melee_medal_2 | B20: 투지의 소울 메달 | C20: 소울 메달 | D20: 근딜 | E20: 2 | F20: 치명타 피해 | G20: 0.06 | H20: ② 스킬 위력 | I20: 0.1 | J20: -
A21: ranged_weapon_1 | B21: 매의 장궁 | C21: 무기 | D21: 원딜 | E21: 1 | F21: 공격력 | G21: 3.6 | H21: 치명타 확률 | I21: 0.008 | J21: ① 관통 사격 취약 지속 +[값]초 | K21: 0.5 | L21: 초 | M21: s1_vuln_dur
A22: ranged_weapon_2 | B22: 폭풍의 연궁 | C22: 무기 | D22: 원딜 | E22: 2 | F22: 공격력 | G22: 3.6 | H22: 치명타 확률 | I22: 0.008 | J22: 평타 [값]% 확률로 2연사 | K22: 6 | L22: % | M22: double_shot
A23: ranged_weapon_3 | B23: 은빛 석궁 | C23: 무기 | D23: 원딜 | E23: 3 | F23: 공격력 | G23: 3.6 | H23: 치명타 확률 | I23: 0.008 | J23: ③ 집중 사격 위력 +[값]% | K23: 8 | L23: % | M23: ult_power
A24: ranged_armor_1 | B24: 숲지기 가죽갑 | C24: 갑옷 | D24: 원딜 | E24: 1 | F24: 체력 | G24: 26 | H24: 이동 속도 | I24: 0.025 | J24: ② 화살비 범위 +[값]% | K24: 5 | L24: % | M24: s2_area
A25: ranged_armor_2 | B25: 그림자 망토 | C25: 갑옷 | D25: 원딜 | E25: 2 | F25: 체력 | G25: 26 | H25: 이동 속도 | I25: 0.025 | J25: 적이 70px 안에 있으면 받는 피해 -[값]% | K25: 6 | L25: % | M25: near_dr
A26: ranged_armor_3 | B26: 추적자의 조끼 | C26: 갑옷 | D26: 원딜 | E26: 3 | F26: 체력 | G26: 26 | H26: 이동 속도 | I26: 0.025 | J26: 차지·호출을 끊으면 필살기 게이지 +[값] | K26: 6 | M26: counter_ult
A27: ranged_medal_1 | B27: 명사수의 소울 메달 | C27: 소울 메달 | D27: 원딜 | E27: 1 | F27: 치명타 확률 | G27: 0.016 | H27: ① 스킬 위력 | I27: 0.1 | J27: -
A28: ranged_medal_2 | B28: 바람의 소울 메달 | C28: 소울 메달 | D28: 원딜 | E28: 2 | F28: 치명타 확률 | G28: 0.016 | H28: ② 스킬 위력 | I28: 0.1 | J28: -
A29: mage_weapon_1 | B29: 별빛 지팡이 | C29: 무기 | D29: 매지션 | E29: 1 | F29: 공격력 | G29: 4.4 | H29: 스킬 피해 | I29: 0.02 | J29: ① 별빛 탄 화상 피해 +[값]% | K29: 10 | L29: % | M29: s1_burn
A30: mage_weapon_2 | B30: 유성의 홀 | C30: 무기 | D30: 매지션 | E30: 2 | F30: 공격력 | G30: 4.4 | H30: 스킬 피해 | I30: 0.02 | J30: ② 유성우 범위 +[값]% | K30: 6 | L30: % | M30: s2_area
A31: mage_weapon_3 | B31: 금단의 마도서 | C31: 무기 | D31: 매지션 | E31: 3 | F31: 공격력 | G31: 4.4 | H31: 스킬 피해 | I31: 0.02 | J31: ③ 대마법이 그로기 적에게 위력 +[값]% | K31: 12 | L31: % | M31: ult_vs_broken
A32: mage_armor_1 | B32: 현자의 로브 | C32: 갑옷 | D32: 매지션 | E32: 1 | F32: 체력 | G32: 24 | H32: 쿨타임 감소 | I32: 0.01 | J32: 쿨타임 감소 +[값]% | K32: 1.5 | L32: % | M32: cdr_extra
A33: mage_armor_2 | B33: 불꽃 망토 | C33: 갑옷 | D33: 매지션 | E33: 2 | F33: 체력 | G33: 24 | H33: 쿨타임 감소 | I33: 0.01 | J33: 화상 지속 +[값]초 | K33: 0.4 | L33: 초 | M33: burn_dur
A34: mage_armor_3 | B34: 마력 장막 로브 | C34: 갑옷 | D34: 매지션 | E34: 3 | F34: 체력 | G34: 24 | H34: 쿨타임 감소 | I34: 0.01 | J34: 전투 시작 시 최대 HP [값]% 보호막 | K34: 6 | L34: % | M34: start_shield
A35: mage_medal_1 | B35: 대마도사의 소울 메달 | C35: 소울 메달 | D35: 매지션 | E35: 1 | F35: 스킬 피해 | G35: 0.04 | H35: ① 스킬 위력 | I35: 0.1 | J35: -
A36: mage_medal_2 | B36: 별의 소울 메달 | C36: 소울 메달 | D36: 매지션 | E36: 2 | F36: 스킬 피해 | G36: 0.04 | H36: ② 스킬 위력 | I36: 0.1 | J36: -
A37: support_weapon_1 | B37: 생명의 지팡이 | C37: 무기 | D37: 서포터 | E37: 1 | F37: 공격력 | G37: 1.6 | H37: 회복량 | I37: 0.025 | J37: ① 치유 회복량 +[값]% | K37: 8 | L37: % | M37: s1_heal
A38: support_weapon_2 | B38: 빛의 홀 | C38: 무기 | D38: 서포터 | E38: 2 | F38: 공격력 | G38: 1.6 | H38: 회복량 | I38: 0.025 | J38: ② 광역 치유 범위 +[값]% | K38: 6 | L38: % | M38: s2_area
A39: support_weapon_3 | B39: 정화의 성구 | C39: 무기 | D39: 서포터 | E39: 3 | F39: 공격력 | G39: 1.6 | H39: 회복량 | I39: 0.025 | J39: 치유받은 아군 3초간 받는 피해 -[값]% | K39: 5 | L39: % | M39: heal_dr
A40: support_armor_1 | B40: 순백의 사제복 | C40: 갑옷 | D40: 서포터 | E40: 1 | F40: 체력 | G40: 28 | H40: 필살기 충전 | I40: 0.025 | J40: 파티 회복 받는 양 +[값]% | K40: 3 | L40: % | M40: party_healrecv
A41: support_armor_2 | B41: 수호의 성의 | C41: 갑옷 | D41: 서포터 | E41: 2 | F41: 체력 | G41: 28 | H41: 필살기 충전 | I41: 0.025 | J41: ③ 생명의 나무 지속 +[값]초 | K41: 0.5 | L41: 초 | M41: ult_dur
A42: support_armor_3 | B42: 기도의 숄 | C42: 갑옷 | D42: 서포터 | E42: 3 | F42: 체력 | G42: 28 | H42: 필살기 충전 | I42: 0.025 | J42: 전투 시작 시 파티 HP [값]% 회복 | K42: 3 | L42: % | M42: start_heal
A43: support_medal_1 | B43: 성녀의 소울 메달 | C43: 소울 메달 | D43: 서포터 | E43: 1 | F43: 회복량 | G43: 0.05 | H43: ① 스킬 위력 | I43: 0.1 | J43: -
A44: support_medal_2 | B44: 다정함의 소울 메달 | C44: 소울 메달 | D44: 서포터 | E44: 2 | F44: 회복량 | G44: 0.05 | H44: ② 스킬 위력 | I44: 0.1 | J44: -
A45: common_ring_1 | B45: 힘의 반지 | C45: 반지 | D45: 공통 | E45: 1 | F45: 공격력% | G45: 0.022 | H45: - | J45: -
A46: common_ring_2 | B46: 예리한 반지 | C46: 반지 | D46: 공통 | E46: 2 | F46: 치명타 확률 | G46: 0.015 | H46: - | J46: -
A47: common_ring_3 | B47: 파쇄의 반지 | C47: 반지 | D47: 공통 | E47: 3 | F47: 그로기 피해 | G47: 0.05 | H47: - | J47: -
A48: common_necklace_1 | B48: 현자의 목걸이 | C48: 목걸이 | D48: 공통 | E48: 1 | F48: 스킬 피해 | G48: 0.04 | H48: - | J48: -
A49: common_necklace_2 | B49: 시간의 목걸이 | C49: 목걸이 | D49: 공통 | E49: 2 | F49: 쿨타임 감소 | G49: 0.015 | H49: - | J49: -
A50: common_necklace_3 | B50: 영혼의 목걸이 | C50: 목걸이 | D50: 공통 | E50: 3 | F50: 필살기 충전 | G50: 0.05 | H50: - | J50: -
A51: common_belt_1 | B51: 거인의 벨트 | C51: 벨트 | D51: 공통 | E51: 1 | F51: 체력% | G51: 0.035 | H51: - | J51: -
A52: common_belt_2 | B52: 수호의 벨트 | C52: 벨트 | D52: 공통 | E52: 2 | F52: 받는 피해 감소 | G52: 0.015 | H52: - | J52: -
A53: common_belt_3 | B53: 질주의 벨트 | C53: 벨트 | D53: 공통 | E53: 3 | F53: 이동 속도 | G53: 0.03 | H53: 체력% | I53: 0.015 | J53: -

Sheet 장비_등급별
A1: 장비 × 등급 수치 (수식)
A2: 주 스탯 = 기본값 × 주 스탯 배율 / 고유 효과 = 고유 기본값 × 고유 효과 배율. 옵션·보석 슬롯은 등급 시트 참조.
A4: 이름 | B4: 부위 | C4: 직업 | D4: 등급 | E4: 주 스탯1 | F4: 값1 | G4: 주 스탯2 | H4: 값2 | I4: 고유 효과 | J4: 고유 값 | K4: 추가 옵션 수 | L4: 보석 슬롯 | M4: 특성 스탯 | N4: 스킬 보너스
A5: =장비_기본!B5 -> 수호자의 메이스 | B5: =장비_기본!C5 -> 무기 | C5: =장비_기본!D5 -> 탱커 | D5: UC | E5: =장비_기본!F5 -> 공격력 | F5: =장비_기본!G5*INDEX(등급!$C$5:$C$12,MATCH($D5,등급!$A$5:$A$12,0)) -> 2.2 | G5: =장비_기본!H5 -> 받는 피해 감소 | H5: =장비_기본!I5*INDEX(등급!$C$5:$C$12,MATCH($D5,등급!$A$5:$A$12,0)) -> 0.006 | I5: =장비_기본!J5 -> ② 방패 강타 그로기 피해 +[값]% | J5: =ROUND(장비_기본!K5*INDEX(등급!$F$5:$F$12,MATCH($D5,등급!$A$5:$A$12,0)),1) -> 15 | K5: =INDEX(등급!$D$5:$D$12,MATCH($D5,등급!$A$5:$A$12,0)) -> 0 | L5: =IF(INDEX(등급!$H$5:$H$12,MATCH($D5,등급!$A$5:$A$12,0))=0,"-",IF(INDEX(등급!$G$5:$G$12,MATCH($D5,등급!$A$5:$A$12,0))=INDEX(등급!$H$5:$H$12,MATCH($D5,등급!$A$5:$A$12,0)),INDEX(등급!$G$5:$G$12,MATCH($D5,등급!$A$5:$A$12,0))&"칸",INDEX(등급!$G$5:$G$12,MATCH($D5,등급!$A$5:$A$12,0))&"~"&INDEX(등급!$H$5:$H$12,MATCH($D5,등급!$A$5:$A$12,0))&"칸")) -> - | M5: =IF(INDEX(등급!$J$5:$J$12,MATCH($D5,등급!$A$5:$A$12,0))=0,"-",IF(INDEX(등급!$I$5:$I$12,MATCH($D5,등급!$A$5:$A$12,0))=INDEX(등급!$J$5:$J$12,MATCH($D5,등급!$A$5:$A$12,0)),INDEX(등급!$I$5:$I$12,MATCH($D5,등급!$A$5:$A$12,0))&"개",INDEX(등급!$I$5:$I$12,MATCH($D5,등급!$A$5:$A$12,0))&"~"&INDEX(등급!$J$5:$J$12,MATCH($D5,등급!$A$5:$A$12,0))&"개")) -> - | N5: =IF(INDEX(등급!$L$5:$L$12,MATCH($D5,등급!$A$5:$A$12,0))=0,"-",INDEX(등급!$K$5:$K$12,MATCH($D5,등급!$A$5:$A$12,0))&"~"&INDEX(등급!$L$5:$L$12,MATCH($D5,등급!$A$5:$A$12,0))&"개") -> -
A6: =장비_기본!B5 -> 수호자의 메이스 | B6: =장비_기본!C5 -> 무기 | C6: =장비_기본!D5 -> 탱커 | D6: C | E6: =장비_기본!F5 -> 공격력 | F6: =장비_기본!G5*INDEX(등급!$C$5:$C$12,MATCH($D6,등급!$A$5:$A$12,0)) -> 3.19 | G6: =장비_기본!H5 -> 받는 피해 감소 | H6: =장비_기본!I5*INDEX(등급!$C$5:$C$12,MATCH($D6,등급!$A$5:$A$12,0)) -> 0.0087 | I6: =장비_기본!J5 -> ② 방패 강타 그로기 피해 +[값]% | J6: =ROUND(장비_기본!K5*INDEX(등급!$F$5:$F$12,MATCH($D6,등급!$A$5:$A$12,0)),1) -> 20.3 | K6: =INDEX(등급!$D$5:$D$12,MATCH($D6,등급!$A$5:$A$12,0)) -> 0 | L6: =IF(INDEX(등급!$H$5:$H$12,MATCH($D6,등급!$A$5:$A$12,0))=0,"-",IF(INDEX(등급!$G$5:$G$12,MATCH($D6,등급!$A$5:$A$12,0))=INDEX(등급!$H$5:$H$12,MATCH($D6,등급!$A$5:$A$12,0)),INDEX(등급!$G$5:$G$12,MATCH($D6,등급!$A$5:$A$12,0))&"칸",INDEX(등급!$G$5:$G$12,MATCH($D6,등급!$A$5:$A$12,0))&"~"&INDEX(등급!$H$5:$H$12,MATCH($D6,등급!$A$5:$A$12,0))&"칸")) -> - | M6: =IF(INDEX(등급!$J$5:$J$12,MATCH($D6,등급!$A$5:$A$12,0))=0,"-",IF(INDEX(등급!$I$5:$I$12,MATCH($D6,등급!$A$5:$A$12,0))=INDEX(등급!$J$5:$J$12,MATCH($D6,등급!$A$5:$A$12,0)),INDEX(등급!$I$5:$I$12,MATCH($D6,등급!$A$5:$A$12,0))&"개",INDEX(등급!$I$5:$I$12,MATCH($D6,등급!$A$5:$A$12,0))&"~"&INDEX(등급!$J$5:$J$12,MATCH($D6,등급!$A$5:$A$12,0))&"개")) -> - | N6: =IF(INDEX(등급!$L$5:$L$12,MATCH($D6,등급!$A$5:$A$12,0))=0,"-",INDEX(등급!$K$5:$K$12,MATCH($D6,등급!$A$5:$A$12,0))&"~"&INDEX(등급!$L$5:$L$12,MATCH($D6,등급!$A$5:$A$12,0))&"개") -> -
A7: =장비_기본!B5 -> 수호자의 메이스 | B7: =장비_기본!C5 -> 무기 | C7: =장비_기본!D5 -> 탱커 | D7: R | E7: =장비_기본!F5 -> 공격력 | F7: =장비_기본!G5*INDEX(등급!$C$5:$C$12,MATCH($D7,등급!$A$5:$A$12,0)) -> 3.74 | G7: =장비_기본!H5 -> 받는 피해 감소 | H7: =장비_기본!I5*INDEX(등급!$C$5:$C$12,MATCH($D7,등급!$A$5:$A$12,0)) -> 0.0102 | I7: =장비_기본!J5 -> ② 방패 강타 그로기 피해 +[값]% | J7: =ROUND(장비_기본!K5*INDEX(등급!$F$5:$F$12,MATCH($D7,등급!$A$5:$A$12,0)),1) -> 22.5 | K7: =INDEX(등급!$D$5:$D$12,MATCH($D7,등급!$A$5:$A$12,0)) -> 1 | L7: =IF(INDEX(등급!$H$5:$H$12,MATCH($D7,등급!$A$5:$A$12,0))=0,"-",IF(INDEX(등급!$G$5:$G$12,MATCH($D7,등급!$A$5:$A$12,0))=INDEX(등급!$H$5:$H$12,MATCH($D7,등급!$A$5:$A$12,0)),INDEX(등급!$G$5:$G$12,MATCH($D7,등급!$A$5:$A$12,0))&"칸",INDEX(등급!$G$5:$G$12,MATCH($D7,등급!$A$5:$A$12,0))&"~"&INDEX(등급!$H$5:$H$12,MATCH($D7,등급!$A$5:$A$12,0))&"칸")) -> - | M7: =IF(INDEX(등급!$J$5:$J$12,MATCH($D7,등급!$A$5:$A$12,0))=0,"-",IF(INDEX(등급!$I$5:$I$12,MATCH($D7,등급!$A$5:$A$12,0))=INDEX(등급!$J$5:$J$12,MATCH($D7,등급!$A$5:$A$12,0)),INDEX(등급!$I$5:$I$12,MATCH($D7,등급!$A$5:$A$12,0))&"개",INDEX(등급!$I$5:$I$12,MATCH($D7,등급!$A$5:$A$12,0))&"~"&INDEX(등급!$J$5:$J$12,MATCH($D7,등급!$A$5:$A$12,0))&"개")) -> - | N7: =IF(INDEX(등급!$L$5:$L$12,MATCH($D7,등급!$A$5:$A$12,0))=0,"-",INDEX(등급!$K$5:$K$12,MATCH($D7,등급!$A$5:$A$12,0))&"~"&INDEX(등급!$L$5:$L$12,MATCH($D7,등급!$A$5:$A$12,0))&"개") -> -
A8: =장비_기본!B5 -> 수호자의 메이스 | B8: =장비_기본!C5 -> 무기 | C8: =장비_기본!D5 -> 탱커 | D8: SR | E8: =장비_기본!F5 -> 공격력 | F8: =장비_기본!G5*INDEX(등급!$C$5:$C$12,MATCH($D8,등급!$A$5:$A$12,0)) -> 4.62 | G8: =장비_기본!H5 -> 받는 피해 감소 | H8: =장비_기본!I5*INDEX(등급!$C$5:$C$12,MATCH($D8,등급!$A$5:$A$12,0)) -> 0.0126 | I8: =장비_기본!J5 -> ② 방패 강타 그로기 피해 +[값]% | J8: =ROUND(장비_기본!K5*INDEX(등급!$F$5:$F$12,MATCH($D8,등급!$A$5:$A$12,0)),1) -> 26.3 | K8: =INDEX(등급!$D$5:$D$12,MATCH($D8,등급!$A$5:$A$12,0)) -> 2 | L8: =IF(INDEX(등급!$H$5:$H$12,MATCH($D8,등급!$A$5:$A$12,0))=0,"-",IF(INDEX(등급!$G$5:$G$12,MATCH($D8,등급!$A$5:$A$12,0))=INDEX(등급!$H$5:$H$12,MATCH($D8,등급!$A$5:$A$12,0)),INDEX(등급!$G$5:$G$12,MATCH($D8,등급!$A$5:$A$12,0))&"칸",INDEX(등급!$G$5:$G$12,MATCH($D8,등급!$A$5:$A$12,0))&"~"&INDEX(등급!$H$5:$H$12,MATCH($D8,등급!$A$5:$A$12,0))&"칸")) -> - | M8: =IF(INDEX(등급!$J$5:$J$12,MATCH($D8,등급!$A$5:$A$12,0))=0,"-",IF(INDEX(등급!$I$5:$I$12,MATCH($D8,등급!$A$5:$A$12,0))=INDEX(등급!$J$5:$J$12,MATCH($D8,등급!$A$5:$A$12,0)),INDEX(등급!$I$5:$I$12,MATCH($D8,등급!$A$5:$A$12,0))&"개",INDEX(등급!$I$5:$I$12,MATCH($D8,등급!$A$5:$A$12,0))&"~"&INDEX(등급!$J$5:$J$12,MATCH($D8,등급!$A$5:$A$12,0))&"개")) -> - | N8: =IF(INDEX(등급!$L$5:$L$12,MATCH($D8,등급!$A$5:$A$12,0))=0,"-",INDEX(등급!$K$5:$K$12,MATCH($D8,등급!$A$5:$A$12,0))&"~"&INDEX(등급!$L$5:$L$12,MATCH($D8,등급!$A$5:$A$12,0))&"개") -> -
A9: =장비_기본!B5 -> 수호자의 메이스 | B9: =장비_기본!C5 -> 무기 | C9: =장비_기본!D5 -> 탱커 | D9: SSR | E9: =장비_기본!F5 -> 공격력 | F9: =장비_기본!G5*INDEX(등급!$C$5:$C$12,MATCH($D9,등급!$A$5:$A$12,0)) -> 5.61 | G9: =장비_기본!H5 -> 받는 피해 감소 | H9: =장비_기본!I5*INDEX(등급!$C$5:$C$12,MATCH($D9,등급!$A$5:$A$12,0)) -> 0.0153 | I9: =장비_기본!J5 -> ② 방패 강타 그로기 피해 +[값]% | J9: =ROUND(장비_기본!K5*INDEX(등급!$F$5:$F$12,MATCH($D9,등급!$A$5:$A$12,0)),1) -> 30 | K9: =INDEX(등급!$D$5:$D$12,MATCH($D9,등급!$A$5:$A$12,0)) -> 3 | L9: =IF(INDEX(등급!$H$5:$H$12,MATCH($D9,등급!$A$5:$A$12,0))=0,"-",IF(INDEX(등급!$G$5:$G$12,MATCH($D9,등급!$A$5:$A$12,0))=INDEX(등급!$H$5:$H$12,MATCH($D9,등급!$A$5:$A$12,0)),INDEX(등급!$G$5:$G$12,MATCH($D9,등급!$A$5:$A$12,0))&"칸",INDEX(등급!$G$5:$G$12,MATCH($D9,등급!$A$5:$A$12,0))&"~"&INDEX(등급!$H$5:$H$12,MATCH($D9,등급!$A$5:$A$12,0))&"칸")) -> - | M9: =IF(INDEX(등급!$J$5:$J$12,MATCH($D9,등급!$A$5:$A$12,0))=0,"-",IF(INDEX(등급!$I$5:$I$12,MATCH($D9,등급!$A$5:$A$12,0))=INDEX(등급!$J$5:$J$12,MATCH($D9,등급!$A$5:$A$12,0)),INDEX(등급!$I$5:$I$12,MATCH($D9,등급!$A$5:$A$12,0))&"개",INDEX(등급!$I$5:$I$12,MATCH($D9,등급!$A$5:$A$12,0))&"~"&INDEX(등급!$J$5:$J$12,MATCH($D9,등급!$A$5:$A$12,0))&"개")) -> - | N9: =IF(INDEX(등급!$L$5:$L$12,MATCH($D9,등급!$A$5:$A$12,0))=0,"-",INDEX(등급!$K$5:$K$12,MATCH($D9,등급!$A$5:$A$12,0))&"~"&INDEX(등급!$L$5:$L$12,MATCH($D9,등급!$A$5:$A$12,0))&"개") -> -
A10: =장비_기본!B5 -> 수호자의 메이스 | B10: =장비_기본!C5 -> 무기 | C10: =장비_기본!D5 -> 탱커 | D10: UR | E10: =장비_기본!F5 -> 공격력 | F10: =장비_기본!G5*INDEX(등급!$C$5:$C$12,MATCH($D10,등급!$A$5:$A$12,0)) -> 6.71 | G10: =장비_기본!H5 -> 받는 피해 감소 | H10: =장비_기본!I5*INDEX(등급!$C$5:$C$12,MATCH($D10,등급!$A$5:$A$12,0)) -> 0.0183 | I10: =장비_기본!J5 -> ② 방패 강타 그로기 피해 +[값]% | J10: =ROUND(장비_기본!K5*INDEX(등급!$F$5:$F$12,MATCH($D10,등급!$A$5:$A$12,0)),1) -> 34.5 | K10: =INDEX(등급!$D$5:$D$12,MATCH($D10,등급!$A$5:$A$12,0)) -> 4 | L10: =IF(INDEX(등급!$H$5:$H$12,MATCH($D10,등급!$A$5:$A$12,0))=0,"-",IF(INDEX(등급!$G$5:$G$12,MATCH($D10,등급!$A$5:$A$12,0))=INDEX(등급!$H$5:$H$12,MATCH($D10,등급!$A$5:$A$12,0)),INDEX(등급!$G$5:$G$12,MATCH($D10,등급!$A$5:$A$12,0))&"칸",INDEX(등급!$G$5:$G$12,MATCH($D10,등급!$A$5:$A$12,0))&"~"&INDEX(등급!$H$5:$H$12,MATCH($D10,등급!$A$5:$A$12,0))&"칸")) -> - | M10: =IF(INDEX(등급!$J$5:$J$12,MATCH($D10,등급!$A$5:$A$12,0))=0,"-",IF(INDEX(등급!$I$5:$I$12,MATCH($D10,등급!$A$5:$A$12,0))=INDEX(등급!$J$5:$J$12,MATCH($D10,등급!$A$5:$A$12,0)),INDEX(등급!$I$5:$I$12,MATCH($D10,등급!$A$5:$A$12,0))&"개",INDEX(등급!$I$5:$I$12,MATCH($D10,등급!$A$5:$A$12,0))&"~"&INDEX(등급!$J$5:$J$12,MATCH($D10,등급!$A$5:$A$12,0))&"개")) -> - | N10: =IF(INDEX(등급!$L$5:$L$12,MATCH($D10,등급!$A$5:$A$12,0))=0,"-",INDEX(등급!$K$5:$K$12,MATCH($D10,등급!$A$5:$A$12,0))&"~"&INDEX(등급!$L$5:$L$12,MATCH($D10,등급!$A$5:$A$12,0))&"개") -> -
A11: =장비_기본!B5 -> 수호자의 메이스 | B11: =장비_기본!C5 -> 무기 | C11: =장비_기본!D5 -> 탱커 | D11: L | E11: =장비_기본!F5 -> 공격력 | F11: =장비_기본!G5*INDEX(등급!$C$5:$C$12,MATCH($D11,등급!$A$5:$A$12,0)) -> 7.04 | G11: =장비_기본!H5 -> 받는 피해 감소 | H11: =장비_기본!I5*INDEX(등급!$C$5:$C$12,MATCH($D11,등급!$A$5:$A$12,0)) -> 0.0192 | I11: =장비_기본!J5 -> ② 방패 강타 그로기 피해 +[값]% | J11: =ROUND(장비_기본!K5*INDEX(등급!$F$5:$F$12,MATCH($D11,등급!$A$5:$A$12,0)),1) -> 39.8 | K11: =INDEX(등급!$D$5:$D$12,MATCH($D11,등급!$A$5:$A$12,0)) -> 4 | L11: =IF(INDEX(등급!$H$5:$H$12,MATCH($D11,등급!$A$5:$A$12,0))=0,"-",IF(INDEX(등급!$G$5:$G$12,MATCH($D11,등급!$A$5:$A$12,0))=INDEX(등급!$H$5:$H$12,MATCH($D11,등급!$A$5:$A$12,0)),INDEX(등급!$G$5:$G$12,MATCH($D11,등급!$A$5:$A$12,0))&"칸",INDEX(등급!$G$5:$G$12,MATCH($D11,등급!$A$5:$A$12,0))&"~"&INDEX(등급!$H$5:$H$12,MATCH($D11,등급!$A$5:$A$12,0))&"칸")) -> 1칸 | M11: =IF(INDEX(등급!$J$5:$J$12,MATCH($D11,등급!$A$5:$A$12,0))=0,"-",IF(INDEX(등급!$I$5:$I$12,MATCH($D11,등급!$A$5:$A$12,0))=INDEX(등급!$J$5:$J$12,MATCH($D11,등급!$A$5:$A$12,0)),INDEX(등급!$I$5:$I$12,MATCH($D11,등급!$A$5:$A$12,0))&"개",INDEX(등급!$I$5:$I$12,MATCH($D11,등급!$A$5:$A$12,0))&"~"&INDEX(등급!$J$5:$J$12,MATCH($D11,등급!$A$5:$A$12,0))&"개")) -> 0~1개 | N11: =IF(INDEX(등급!$L$5:$L$12,MATCH($D11,등급!$A$5:$A$12,0))=0,"-",INDEX(등급!$K$5:$K$12,MATCH($D11,등급!$A$5:$A$12,0))&"~"&INDEX(등급!$L$5:$L$12,MATCH($D11,등급!$A$5:$A$12,0))&"개") -> 0~1개
A12: =장비_기본!B5 -> 수호자의 메이스 | B12: =장비_기본!C5 -> 무기 | C12: =장비_기본!D5 -> 탱커 | D12: E | E12: =장비_기본!F5 -> 공격력 | F12: =장비_기본!G5*INDEX(등급!$C$5:$C$12,MATCH($D12,등급!$A$5:$A$12,0)) -> 7.26 | G12: =장비_기본!H5 -> 받는 피해 감소 | H12: =장비_기본!I5*INDEX(등급!$C$5:$C$12,MATCH($D12,등급!$A$5:$A$12,0)) -> 0.0198 | I12: =장비_기본!J5 -> ② 방패 강타 그로기 피해 +[값]% | J12: =ROUND(장비_기본!K5*INDEX(등급!$F$5:$F$12,MATCH($D12,등급!$A$5:$A$12,0)),1) -> 45 | K12: =INDEX(등급!$D$5:$D$12,MATCH($D12,등급!$A$5:$A$12,0)) -> 4 | L12: =IF(INDEX(등급!$H$5:$H$12,MATCH($D12,등급!$A$5:$A$12,0))=0,"-",IF(INDEX(등급!$G$5:$G$12,MATCH($D12,등급!$A$5:$A$12,0))=INDEX(등급!$H$5:$H$12,MATCH($D12,등급!$A$5:$A$12,0)),INDEX(등급!$G$5:$G$12,MATCH($D12,등급!$A$5:$A$12,0))&"칸",INDEX(등급!$G$5:$G$12,MATCH($D12,등급!$A$5:$A$12,0))&"~"&INDEX(등급!$H$5:$H$12,MATCH($D12,등급!$A$5:$A$12,0))&"칸")) -> 1~3칸 | M12: =IF(INDEX(등급!$J$5:$J$12,MATCH($D12,등급!$A$5:$A$12,0))=0,"-",IF(INDEX(등급!$I$5:$I$12,MATCH($D12,등급!$A$5:$A$12,0))=INDEX(등급!$J$5:$J$12,MATCH($D12,등급!$A$5:$A$12,0)),INDEX(등급!$I$5:$I$12,MATCH($D12,등급!$A$5:$A$12,0))&"개",INDEX(등급!$I$5:$I$12,MATCH($D12,등급!$A$5:$A$12,0))&"~"&INDEX(등급!$J$5:$J$12,MATCH($D12,등급!$A$5:$A$12,0))&"개")) -> 1개 | N12: =IF(INDEX(등급!$L$5:$L$12,MATCH($D12,등급!$A$5:$A$12,0))=0,"-",INDEX(등급!$K$5:$K$12,MATCH($D12,등급!$A$5:$A$12,0))&"~"&INDEX(등급!$L$5:$L$12,MATCH($D12,등급!$A$5:$A$12,0))&"개") -> 0~2개
A13: =장비_기본!B6 -> 맹세의 장검 | B13: =장비_기본!C6 -> 무기 | C13: =장비_기본!D6 -> 탱커 | D13: UC | E13: =장비_기본!F6 -> 공격력 | F13: =장비_기본!G6*INDEX(등급!$C$5:$C$12,MATCH($D13,등급!$A$5:$A$12,0)) -> 2.2 | G13: =장비_기본!H6 -> 받는 피해 감소 | H13: =장비_기본!I6*INDEX(등급!$C$5:$C$12,MATCH($D13,등급!$A$5:$A$12,0)) -> 0.006 | I13: =장비_기본!J6 -> ① 도발 중 받는 피해 감소 +[값]%p | J13: =ROUND(장비_기본!K6*INDEX(등급!$F$5:$F$12,MATCH($D13,등급!$A$5:$A$12,0)),1) -> 3 | K13: =INDEX(등급!$D$5:$D$12,MATCH($D13,등급!$A$5:$A$12,0)) -> 0 | L13: =IF(INDEX(등급!$H$5:$H$12,MATCH($D13,등급!$A$5:$A$12,0))=0,"-",IF(INDEX(등급!$G$5:$G$12,MATCH($D13,등급!$A$5:$A$12,0))=INDEX(등급!$H$5:$H$12,MATCH($D13,등급!$A$5:$A$12,0)),INDEX(등급!$G$5:$G$12,MATCH($D13,등급!$A$5:$A$12,0))&"칸",INDEX(등급!$G$5:$G$12,MATCH($D13,등급!$A$5:$A$12,0))&"~"&INDEX(등급!$H$5:$H$12,MATCH($D13,등급!$A$5:$A$12,0))&"칸")) -> - | M13: =IF(INDEX(등급!$J$5:$J$12,MATCH($D13,등급!$A$5:$A$12,0))=0,"-",IF(INDEX(등급!$I$5:$I$12,MATCH($D13,등급!$A$5:$A$12,0))=INDEX(등급!$J$5:$J$12,MATCH($D13,등급!$A$5:$A$12,0)),INDEX(등급!$I$5:$I$12,MATCH($D13,등급!$A$5:$A$12,0))&"개",INDEX(등급!$I$5:$I$12,MATCH($D13,등급!$A$5:$A$12,0))&"~"&INDEX(등급!$J$5:$J$12,MATCH($D13,등급!$A$5:$A$12,0))&"개")) -> - | N13: =IF(INDEX(등급!$L$5:$L$12,MATCH($D13,등급!$A$5:$A$12,0))=0,"-",INDEX(등급!$K$5:$K$12,MATCH($D13,등급!$A$5:$A$12,0))&"~"&INDEX(등급!$L$5:$L$12,MATCH($D13,등급!$A$5:$A$12,0))&"개") -> -
A14: =장비_기본!B6 -> 맹세의 장검 | B14: =장비_기본!C6 -> 무기 | C14: =장비_기본!D6 -> 탱커 | D14: C | E14: =장비_기본!F6 -> 공격력 | F14: =장비_기본!G6*INDEX(등급!$C$5:$C$12,MATCH($D14,등급!$A$5:$A$12,0)) -> 3.19 | G14: =장비_기본!H6 -> 받는 피해 감소 | H14: =장비_기본!I6*INDEX(등급!$C$5:$C$12,MATCH($D14,등급!$A$5:$A$12,0)) -> 0.0087 | I14: =장비_기본!J6 -> ① 도발 중 받는 피해 감소 +[값]%p | J14: =ROUND(장비_기본!K6*INDEX(등급!$F$5:$F$12,MATCH($D14,등급!$A$5:$A$12,0)),1) -> 4.1 | K14: =INDEX(등급!$D$5:$D$12,MATCH($D14,등급!$A$5:$A$12,0)) -> 0 | L14: =IF(INDEX(등급!$H$5:$H$12,MATCH($D14,등급!$A$5:$A$12,0))=0,"-",IF(INDEX(등급!$G$5:$G$12,MATCH($D14,등급!$A$5:$A$12,0))=INDEX(등급!$H$5:$H$12,MATCH($D14,등급!$A$5:$A$12,0)),INDEX(등급!$G$5:$G$12,MATCH($D14,등급!$A$5:$A$12,0))&"칸",INDEX(등급!$G$5:$G$12,MATCH($D14,등급!$A$5:$A$12,0))&"~"&INDEX(등급!$H$5:$H$12,MATCH($D14,등급!$A$5:$A$12,0))&"칸")) -> - | M14: =IF(INDEX(등급!$J$5:$J$12,MATCH($D14,등급!$A$5:$A$12,0))=0,"-",IF(INDEX(등급!$I$5:$I$12,MATCH($D14,등급!$A$5:$A$12,0))=INDEX(등급!$J$5:$J$12,MATCH($D14,등급!$A$5:$A$12,0)),INDEX(등급!$I$5:$I$12,MATCH($D14,등급!$A$5:$A$12,0))&"개",INDEX(등급!$I$5:$I$12,MATCH($D14,등급!$A$5:$A$12,0))&"~"&INDEX(등급!$J$5:$J$12,MATCH($D14,등급!$A$5:$A$12,0))&"개")) -> - | N14: =IF(INDEX(등급!$L$5:$L$12,MATCH($D14,등급!$A$5:$A$12,0))=0,"-",INDEX(등급!$K$5:$K$12,MATCH($D14,등급!$A$5:$A$12,0))&"~"&INDEX(등급!$L$5:$L$12,MATCH($D14,등급!$A$5:$A$12,0))&"개") -> -
A15: =장비_기본!B6 -> 맹세의 장검 | B15: =장비_기본!C6 -> 무기 | C15: =장비_기본!D6 -> 탱커 | D15: R | E15: =장비_기본!F6 -> 공격력 | F15: =장비_기본!G6*INDEX(등급!$C$5:$C$12,MATCH($D15,등급!$A$5:$A$12,0)) -> 3.74 | G15: =장비_기본!H6 -> 받는 피해 감소 | H15: =장비_기본!I6*INDEX(등급!$C$5:$C$12,MATCH($D15,등급!$A$5:$A$12,0)) -> 0.0102 | I15: =장비_기본!J6 -> ① 도발 중 받는 피해 감소 +[값]%p | J15: =ROUND(장비_기본!K6*INDEX(등급!$F$5:$F$12,MATCH($D15,등급!$A$5:$A$12,0)),1) -> 4.5 | K15: =INDEX(등급!$D$5:$D$12,MATCH($D15,등급!$A$5:$A$12,0)) -> 1 | L15: =IF(INDEX(등급!$H$5:$H$12,MATCH($D15,등급!$A$5:$A$12,0))=0,"-",IF(INDEX(등급!$G$5:$G$12,MATCH($D15,등급!$A$5:$A$12,0))=INDEX(등급!$H$5:$H$12,MATCH($D15,등급!$A$5:$A$12,0)),INDEX(등급!$G$5:$G$12,MATCH($D15,등급!$A$5:$A$12,0))&"칸",INDEX(등급!$G$5:$G$12,MATCH($D15,등급!$A$5:$A$12,0))&"~"&INDEX(등급!$H$5:$H$12,MATCH($D15,등급!$A$5:$A$12,0))&"칸")) -> - | M15: =IF(INDEX(등급!$J$5:$J$12,MATCH($D15,등급!$A$5:$A$12,0))=0,"-",IF(INDEX(등급!$I$5:$I$12,MATCH($D15,등급!$A$5:$A$12,0))=INDEX(등급!$J$5:$J$12,MATCH($D15,등급!$A$5:$A$12,0)),INDEX(등급!$I$5:$I$12,MATCH($D15,등급!$A$5:$A$12,0))&"개",INDEX(등급!$I$5:$I$12,MATCH($D15,등급!$A$5:$A$12,0))&"~"&INDEX(등급!$J$5:$J$12,MATCH($D15,등급!$A$5:$A$12,0))&"개")) -> - | N15: =IF(INDEX(등급!$L$5:$L$12,MATCH($D15,등급!$A$5:$A$12,0))=0,"-",INDEX(등급!$K$5:$K$12,MATCH($D15,등급!$A$5:$A$12,0))&"~"&INDEX(등급!$L$5:$L$12,MATCH($D15,등급!$A$5:$A$12,0))&"개") -> -
A16: =장비_기본!B6 -> 맹세의 장검 | B16: =장비_기본!C6 -> 무기 | C16: =장비_기본!D6 -> 탱커 | D16: SR | E16: =장비_기본!F6 -> 공격력 | F16: =장비_기본!G6*INDEX(등급!$C$5:$C$12,MATCH($D16,등급!$A$5:$A$12,0)) -> 4.62 | G16: =장비_기본!H6 -> 받는 피해 감소 | H16: =장비_기본!I6*INDEX(등급!$C$5:$C$12,MATCH($D16,등급!$A$5:$A$12,0)) -> 0.0126 | I16: =장비_기본!J6 -> ① 도발 중 받는 피해 감소 +[값]%p | J16: =ROUND(장비_기본!K6*INDEX(등급!$F$5:$F$12,MATCH($D16,등급!$A$5:$A$12,0)),1) -> 5.3 | K16: =INDEX(등급!$D$5:$D$12,MATCH($D16,등급!$A$5:$A$12,0)) -> 2 | L16: =IF(INDEX(등급!$H$5:$H$12,MATCH($D16,등급!$A$5:$A$12,0))=0,"-",IF(INDEX(등급!$G$5:$G$12,MATCH($D16,등급!$A$5:$A$12,0))=INDEX(등급!$H$5:$H$12,MATCH($D16,등급!$A$5:$A$12,0)),INDEX(등급!$G$5:$G$12,MATCH($D16,등급!$A$5:$A$12,0))&"칸",INDEX(등급!$G$5:$G$12,MATCH($D16,등급!$A$5:$A$12,0))&"~"&INDEX(등급!$H$5:$H$12,MATCH($D16,등급!$A$5:$A$12,0))&"칸")) -> - | M16: =IF(INDEX(등급!$J$5:$J$12,MATCH($D16,등급!$A$5:$A$12,0))=0,"-",IF(INDEX(등급!$I$5:$I$12,MATCH($D16,등급!$A$5:$A$12,0))=INDEX(등급!$J$5:$J$12,MATCH($D16,등급!$A$5:$A$12,0)),INDEX(등급!$I$5:$I$12,MATCH($D16,등급!$A$5:$A$12,0))&"개",INDEX(등급!$I$5:$I$12,MATCH($D16,등급!$A$5:$A$12,0))&"~"&INDEX(등급!$J$5:$J$12,MATCH($D16,등급!$A$5:$A$12,0))&"개")) -> - | N16: =IF(INDEX(등급!$L$5:$L$12,MATCH($D16,등급!$A$5:$A$12,0))=0,"-",INDEX(등급!$K$5:$K$12,MATCH($D16,등급!$A$5:$A$12,0))&"~"&INDEX(등급!$L$5:$L$12,MATCH($D16,등급!$A$5:$A$12,0))&"개") -> -
A17: =장비_기본!B6 -> 맹세의 장검 | B17: =장비_기본!C6 -> 무기 | C17: =장비_기본!D6 -> 탱커 | D17: SSR | E17: =장비_기본!F6 -> 공격력 | F17: =장비_기본!G6*INDEX(등급!$C$5:$C$12,MATCH($D17,등급!$A$5:$A$12,0)) -> 5.61 | G17: =장비_기본!H6 -> 받는 피해 감소 | H17: =장비_기본!I6*INDEX(등급!$C$5:$C$12,MATCH($D17,등급!$A$5:$A$12,0)) -> 0.0153 | I17: =장비_기본!J6 -> ① 도발 중 받는 피해 감소 +[값]%p | J17: =ROUND(장비_기본!K6*INDEX(등급!$F$5:$F$12,MATCH($D17,등급!$A$5:$A$12,0)),1) -> 6 | K17: =INDEX(등급!$D$5:$D$12,MATCH($D17,등급!$A$5:$A$12,0)) -> 3 | L17: =IF(INDEX(등급!$H$5:$H$12,MATCH($D17,등급!$A$5:$A$12,0))=0,"-",IF(INDEX(등급!$G$5:$G$12,MATCH($D17,등급!$A$5:$A$12,0))=INDEX(등급!$H$5:$H$12,MATCH($D17,등급!$A$5:$A$12,0)),INDEX(등급!$G$5:$G$12,MATCH($D17,등급!$A$5:$A$12,0))&"칸",INDEX(등급!$G$5:$G$12,MATCH($D17,등급!$A$5:$A$12,0))&"~"&INDEX(등급!$H$5:$H$12,MATCH($D17,등급!$A$5:$A$12,0))&"칸")) -> - | M17: =IF(INDEX(등급!$J$5:$J$12,MATCH($D17,등급!$A$5:$A$12,0))=0,"-",IF(INDEX(등급!$I$5:$I$12,MATCH($D17,등급!$A$5:$A$12,0))=INDEX(등급!$J$5:$J$12,MATCH($D17,등급!$A$5:$A$12,0)),INDEX(등급!$I$5:$I$12,MATCH($D17,등급!$A$5:$A$12,0))&"개",INDEX(등급!$I$5:$I$12,MATCH($D17,등급!$A$5:$A$12,0))&"~"&INDEX(등급!$J$5:$J$12,MATCH($D17,등급!$A$5:$A$12,0))&"개")) -> - | N17: =IF(INDEX(등급!$L$5:$L$12,MATCH($D17,등급!$A$5:$A$12,0))=0,"-",INDEX(등급!$K$5:$K$12,MATCH($D17,등급!$A$5:$A$12,0))&"~"&INDEX(등급!$L$5:$L$12,MATCH($D17,등급!$A$5:$A$12,0))&"개") -> -
A18: =장비_기본!B6 -> 맹세의 장검 | B18: =장비_기본!C6 -> 무기 | C18: =장비_기본!D6 -> 탱커 | D18: UR | E18: =장비_기본!F6 -> 공격력 | F18: =장비_기본!G6*INDEX(등급!$C$5:$C$12,MATCH($D18,등급!$A$5:$A$12,0)) -> 6.71 | G18: =장비_기본!H6 -> 받는 피해 감소 | H18: =장비_기본!I6*INDEX(등급!$C$5:$C$12,MATCH($D18,등급!$A$5:$A$12,0)) -> 0.0183 | I18: =장비_기본!J6 -> ① 도발 중 받는 피해 감소 +[값]%p | J18: =ROUND(장비_기본!K6*INDEX(등급!$F$5:$F$12,MATCH($D18,등급!$A$5:$A$12,0)),1) -> 6.9 | K18: =INDEX(등급!$D$5:$D$12,MATCH($D18,등급!$A$5:$A$12,0)) -> 4 | L18: =IF(INDEX(등급!$H$5:$H$12,MATCH($D18,등급!$A$5:$A$12,0))=0,"-",IF(INDEX(등급!$G$5:$G$12,MATCH($D18,등급!$A$5:$A$12,0))=INDEX(등급!$H$5:$H$12,MATCH($D18,등급!$A$5:$A$12,0)),INDEX(등급!$G$5:$G$12,MATCH($D18,등급!$A$5:$A$12,0))&"칸",INDEX(등급!$G$5:$G$12,MATCH($D18,등급!$A$5:$A$12,0))&"~"&INDEX(등급!$H$5:$H$12,MATCH($D18,등급!$A$5:$A$12,0))&"칸")) -> - | M18: =IF(INDEX(등급!$J$5:$J$12,MATCH($D18,등급!$A$5:$A$12,0))=0,"-",IF(INDEX(등급!$I$5:$I$12,MATCH($D18,등급!$A$5:$A$12,0))=INDEX(등급!$J$5:$J$12,MATCH($D18,등급!$A$5:$A$12,0)),INDEX(등급!$I$5:$I$12,MATCH($D18,등급!$A$5:$A$12,0))&"개",INDEX(등급!$I$5:$I$12,MATCH($D18,등급!$A$5:$A$12,0))&"~"&INDEX(등급!$J$5:$J$12,MATCH($D18,등급!$A$5:$A$12,0))&"개")) -> - | N18: =IF(INDEX(등급!$L$5:$L$12,MATCH($D18,등급!$A$5:$A$12,0))=0,"-",INDEX(등급!$K$5:$K$12,MATCH($D18,등급!$A$5:$A$12,0))&"~"&INDEX(등급!$L$5:$L$12,MATCH($D18,등급!$A$5:$A$12,0))&"개") -> -
A19: =장비_기본!B6 -> 맹세의 장검 | B19: =장비_기본!C6 -> 무기 | C19: =장비_기본!D6 -> 탱커 | D19: L | E19: =장비_기본!F6 -> 공격력 | F19: =장비_기본!G6*INDEX(등급!$C$5:$C$12,MATCH($D19,등급!$A$5:$A$12,0)) -> 7.04 | G19: =장비_기본!H6 -> 받는 피해 감소 | H19: =장비_기본!I6*INDEX(등급!$C$5:$C$12,MATCH($D19,등급!$A$5:$A$12,0)) -> 0.0192 | I19: =장비_기본!J6 -> ① 도발 중 받는 피해 감소 +[값]%p | J19: =ROUND(장비_기본!K6*INDEX(등급!$F$5:$F$12,MATCH($D19,등급!$A$5:$A$12,0)),1) -> 8 | K19: =INDEX(등급!$D$5:$D$12,MATCH($D19,등급!$A$5:$A$12,0)) -> 4 | L19: =IF(INDEX(등급!$H$5:$H$12,MATCH($D19,등급!$A$5:$A$12,0))=0,"-",IF(INDEX(등급!$G$5:$G$12,MATCH($D19,등급!$A$5:$A$12,0))=INDEX(등급!$H$5:$H$12,MATCH($D19,등급!$A$5:$A$12,0)),INDEX(등급!$G$5:$G$12,MATCH($D19,등급!$A$5:$A$12,0))&"칸",INDEX(등급!$G$5:$G$12,MATCH($D19,등급!$A$5:$A$12,0))&"~"&INDEX(등급!$H$5:$H$12,MATCH($D19,등급!$A$5:$A$12,0))&"칸")) -> 1칸 | M19: =IF(INDEX(등급!$J$5:$J$12,MATCH($D19,등급!$A$5:$A$12,0))=0,"-",IF(INDEX(등급!$I$5:$I$12,MATCH($D19,등급!$A$5:$A$12,0))=INDEX(등급!$J$5:$J$12,MATCH($D19,등급!$A$5:$A$12,0)),INDEX(등급!$I$5:$I$12,MATCH($D19,등급!$A$5:$A$12,0))&"개",INDEX(등급!$I$5:$I$12,MATCH($D19,등급!$A$5:$A$12,0))&"~"&INDEX(등급!$J$5:$J$12,MATCH($D19,등급!$A$5:$A$12,0))&"개")) -> 0~1개 | N19: =IF(INDEX(등급!$L$5:$L$12,MATCH($D19,등급!$A$5:$A$12,0))=0,"-",INDEX(등급!$K$5:$K$12,MATCH($D19,등급!$A$5:$A$12,0))&"~"&INDEX(등급!$L$5:$L$12,MATCH($D19,등급!$A$5:$A$12,0))&"개") -> 0~1개
A20: =장비_기본!B6 -> 맹세의 장검 | B20: =장비_기본!C6 -> 무기 | C20: =장비_기본!D6 -> 탱커 | D20: E | E20: =장비_기본!F6 -> 공격력 | F20: =장비_기본!G6*INDEX(등급!$C$5:$C$12,MATCH($D20,등급!$A$5:$A$12,0)) -> 7.26 | G20: =장비_기본!H6 -> 받는 피해 감소 | H20: =장비_기본!I6*INDEX(등급!$C$5:$C$12,MATCH($D20,등급!$A$5:$A$12,0)) -> 0.0198 | I20: =장비_기본!J6 -> ① 도발 중 받는 피해 감소 +[값]%p | J20: =ROUND(장비_기본!K6*INDEX(등급!$F$5:$F$12,MATCH($D20,등급!$A$5:$A$12,0)),1) -> 9 | K20: =INDEX(등급!$D$5:$D$12,MATCH($D20,등급!$A$5:$A$12,0)) -> 4 | L20: =IF(INDEX(등급!$H$5:$H$12,MATCH($D20,등급!$A$5:$A$12,0))=0,"-",IF(INDEX(등급!$G$5:$G$12,MATCH($D20,등급!$A$5:$A$12,0))=INDEX(등급!$H$5:$H$12,MATCH($D20,등급!$A$5:$A$12,0)),INDEX(등급!$G$5:$G$12,MATCH($D20,등급!$A$5:$A$12,0))&"칸",INDEX(등급!$G$5:$G$12,MATCH($D20,등급!$A$5:$A$12,0))&"~"&INDEX(등급!$H$5:$H$12,MATCH($D20,등급!$A$5:$A$12,0))&"칸")) -> 1~3칸 | M20: =IF(INDEX(등급!$J$5:$J$12,MATCH($D20,등급!$A$5:$A$12,0))=0,"-",IF(INDEX(등급!$I$5:$I$12,MATCH($D20,등급!$A$5:$A$12,0))=INDEX(등급!$J$5:$J$12,MATCH($D20,등급!$A$5:$A$12,0)),INDEX(등급!$I$5:$I$12,MATCH($D20,등급!$A$5:$A$12,0))&"개",INDEX(등급!$I$5:$I$12,MATCH($D20,등급!$A$5:$A$12,0))&"~"&INDEX(등급!$J$5:$J$12,MATCH($D20,등급!$A$5:$A$12,0))&"개")) -> 1개 | N20: =IF(INDEX(등급!$L$5:$L$12,MATCH($D20,등급!$A$5:$A$12,0))=0,"-",INDEX(등급!$K$5:$K$12,MATCH($D20,등급!$A$5:$A$12,0))&"~"&INDEX(등급!$L$5:$L$12,MATCH($D20,등급!$A$5:$A$12,0))&"개") -> 0~2개
A21: =장비_기본!B7 -> 성채의 철퇴 | B21: =장비_기본!C7 -> 무기 | C21: =장비_기본!D7 -> 탱커 | D21: UC | E21: =장비_기본!F7 -> 공격력 | F21: =장비_기본!G7*INDEX(등급!$C$5:$C$12,MATCH($D21,등급!$A$5:$A$12,0)) -> 2.2 | G21: =장비_기본!H7 -> 받는 피해 감소 | H21: =장비_기본!I7*INDEX(등급!$C$5:$C$12,MATCH($D21,등급!$A$5:$A$12,0)) -> 0.006 | I21: =장비_기본!J7 -> 평타 적중 시 [값]% 확률로 0.6초 기절 | J21: =ROUND(장비_기본!K7*INDEX(등급!$F$5:$F$12,MATCH($D21,등급!$A$5:$A$12,0)),1) -> 3 | K21: =INDEX(등급!$D$5:$D$12,MATCH($D21,등급!$A$5:$A$12,0)) -> 0 | L21: =IF(INDEX(등급!$H$5:$H$12,MATCH($D21,등급!$A$5:$A$12,0))=0,"-",IF(INDEX(등급!$G$5:$G$12,MATCH($D21,등급!$A$5:$A$12,0))=INDEX(등급!$H$5:$H$12,MATCH($D21,등급!$A$5:$A$12,0)),INDEX(등급!$G$5:$G$12,MATCH($D21,등급!$A$5:$A$12,0))&"칸",INDEX(등급!$G$5:$G$12,MATCH($D21,등급!$A$5:$A$12,0))&"~"&INDEX(등급!$H$5:$H$12,MATCH($D21,등급!$A$5:$A$12,0))&"칸")) -> - | M21: =IF(INDEX(등급!$J$5:$J$12,MATCH($D21,등급!$A$5:$A$12,0))=0,"-",IF(INDEX(등급!$I$5:$I$12,MATCH($D21,등급!$A$5:$A$12,0))=INDEX(등급!$J$5:$J$12,MATCH($D21,등급!$A$5:$A$12,0)),INDEX(등급!$I$5:$I$12,MATCH($D21,등급!$A$5:$A$12,0))&"개",INDEX(등급!$I$5:$I$12,MATCH($D21,등급!$A$5:$A$12,0))&"~"&INDEX(등급!$J$5:$J$12,MATCH($D21,등급!$A$5:$A$12,0))&"개")) -> - | N21: =IF(INDEX(등급!$L$5:$L$12,MATCH($D21,등급!$A$5:$A$12,0))=0,"-",INDEX(등급!$K$5:$K$12,MATCH($D21,등급!$A$5:$A$12,0))&"~"&INDEX(등급!$L$5:$L$12,MATCH($D21,등급!$A$5:$A$12,0))&"개") -> -
A22: =장비_기본!B7 -> 성채의 철퇴 | B22: =장비_기본!C7 -> 무기 | C22: =장비_기본!D7 -> 탱커 | D22: C | E22: =장비_기본!F7 -> 공격력 | F22: =장비_기본!G7*INDEX(등급!$C$5:$C$12,MATCH($D22,등급!$A$5:$A$12,0)) -> 3.19 | G22: =장비_기본!H7 -> 받는 피해 감소 | H22: =장비_기본!I7*INDEX(등급!$C$5:$C$12,MATCH($D22,등급!$A$5:$A$12,0)) -> 0.0087 | I22: =장비_기본!J7 -> 평타 적중 시 [값]% 확률로 0.6초 기절 | J22: =ROUND(장비_기본!K7*INDEX(등급!$F$5:$F$12,MATCH($D22,등급!$A$5:$A$12,0)),1) -> 4.1 | K22: =INDEX(등급!$D$5:$D$12,MATCH($D22,등급!$A$5:$A$12,0)) -> 0 | L22: =IF(INDEX(등급!$H$5:$H$12,MATCH($D22,등급!$A$5:$A$12,0))=0,"-",IF(INDEX(등급!$G$5:$G$12,MATCH($D22,등급!$A$5:$A$12,0))=INDEX(등급!$H$5:$H$12,MATCH($D22,등급!$A$5:$A$12,0)),INDEX(등급!$G$5:$G$12,MATCH($D22,등급!$A$5:$A$12,0))&"칸",INDEX(등급!$G$5:$G$12,MATCH($D22,등급!$A$5:$A$12,0))&"~"&INDEX(등급!$H$5:$H$12,MATCH($D22,등급!$A$5:$A$12,0))&"칸")) -> - | M22: =IF(INDEX(등급!$J$5:$J$12,MATCH($D22,등급!$A$5:$A$12,0))=0,"-",IF(INDEX(등급!$I$5:$I$12,MATCH($D22,등급!$A$5:$A$12,0))=INDEX(등급!$J$5:$J$12,MATCH($D22,등급!$A$5:$A$12,0)),INDEX(등급!$I$5:$I$12,MATCH($D22,등급!$A$5:$A$12,0))&"개",INDEX(등급!$I$5:$I$12,MATCH($D22,등급!$A$5:$A$12,0))&"~"&INDEX(등급!$J$5:$J$12,MATCH($D22,등급!$A$5:$A$12,0))&"개")) -> - | N22: =IF(INDEX(등급!$L$5:$L$12,MATCH($D22,등급!$A$5:$A$12,0))=0,"-",INDEX(등급!$K$5:$K$12,MATCH($D22,등급!$A$5:$A$12,0))&"~"&INDEX(등급!$L$5:$L$12,MATCH($D22,등급!$A$5:$A$12,0))&"개") -> -
A23: =장비_기본!B7 -> 성채의 철퇴 | B23: =장비_기본!C7 -> 무기 | C23: =장비_기본!D7 -> 탱커 | D23: R | E23: =장비_기본!F7 -> 공격력 | F23: =장비_기본!G7*INDEX(등급!$C$5:$C$12,MATCH($D23,등급!$A$5:$A$12,0)) -> 3.74 | G23: =장비_기본!H7 -> 받는 피해 감소 | H23: =장비_기본!I7*INDEX(등급!$C$5:$C$12,MATCH($D23,등급!$A$5:$A$12,0)) -> 0.0102 | I23: =장비_기본!J7 -> 평타 적중 시 [값]% 확률로 0.6초 기절 | J23: =ROUND(장비_기본!K7*INDEX(등급!$F$5:$F$12,MATCH($D23,등급!$A$5:$A$12,0)),1) -> 4.5 | K23: =INDEX(등급!$D$5:$D$12,MATCH($D23,등급!$A$5:$A$12,0)) -> 1 | L23: =IF(INDEX(등급!$H$5:$H$12,MATCH($D23,등급!$A$5:$A$12,0))=0,"-",IF(INDEX(등급!$G$5:$G$12,MATCH($D23,등급!$A$5:$A$12,0))=INDEX(등급!$H$5:$H$12,MATCH($D23,등급!$A$5:$A$12,0)),INDEX(등급!$G$5:$G$12,MATCH($D23,등급!$A$5:$A$12,0))&"칸",INDEX(등급!$G$5:$G$12,MATCH($D23,등급!$A$5:$A$12,0))&"~"&INDEX(등급!$H$5:$H$12,MATCH($D23,등급!$A$5:$A$12,0))&"칸")) -> - | M23: =IF(INDEX(등급!$J$5:$J$12,MATCH($D23,등급!$A$5:$A$12,0))=0,"-",IF(INDEX(등급!$I$5:$I$12,MATCH($D23,등급!$A$5:$A$12,0))=INDEX(등급!$J$5:$J$12,MATCH($D23,등급!$A$5:$A$12,0)),INDEX(등급!$I$5:$I$12,MATCH($D23,등급!$A$5:$A$12,0))&"개",INDEX(등급!$I$5:$I$12,MATCH($D23,등급!$A$5:$A$12,0))&"~"&INDEX(등급!$J$5:$J$12,MATCH($D23,등급!$A$5:$A$12,0))&"개")) -> - | N23: =IF(INDEX(등급!$L$5:$L$12,MATCH($D23,등급!$A$5:$A$12,0))=0,"-",INDEX(등급!$K$5:$K$12,MATCH($D23,등급!$A$5:$A$12,0))&"~"&INDEX(등급!$L$5:$L$12,MATCH($D23,등급!$A$5:$A$12,0))&"개") -> -
A24: =장비_기본!B7 -> 성채의 철퇴 | B24: =장비_기본!C7 -> 무기 | C24: =장비_기본!D7 -> 탱커 | D24: SR | E24: =장비_기본!F7 -> 공격력 | F24: =장비_기본!G7*INDEX(등급!$C$5:$C$12,MATCH($D24,등급!$A$5:$A$12,0)) -> 4.62 | G24: =장비_기본!H7 -> 받는 피해 감소 | H24: =장비_기본!I7*INDEX(등급!$C$5:$C$12,MATCH($D24,등급!$A$5:$A$12,0)) -> 0.0126 | I24: =장비_기본!J7 -> 평타 적중 시 [값]% 확률로 0.6초 기절 | J24: =ROUND(장비_기본!K7*INDEX(등급!$F$5:$F$12,MATCH($D24,등급!$A$5:$A$12,0)),1) -> 5.3 | K24: =INDEX(등급!$D$5:$D$12,MATCH($D24,등급!$A$5:$A$12,0)) -> 2 | L24: =IF(INDEX(등급!$H$5:$H$12,MATCH($D24,등급!$A$5:$A$12,0))=0,"-",IF(INDEX(등급!$G$5:$G$12,MATCH($D24,등급!$A$5:$A$12,0))=INDEX(등급!$H$5:$H$12,MATCH($D24,등급!$A$5:$A$12,0)),INDEX(등급!$G$5:$G$12,MATCH($D24,등급!$A$5:$A$12,0))&"칸",INDEX(등급!$G$5:$G$12,MATCH($D24,등급!$A$5:$A$12,0))&"~"&INDEX(등급!$H$5:$H$12,MATCH($D24,등급!$A$5:$A$12,0))&"칸")) -> - | M24: =IF(INDEX(등급!$J$5:$J$12,MATCH($D24,등급!$A$5:$A$12,0))=0,"-",IF(INDEX(등급!$I$5:$I$12,MATCH($D24,등급!$A$5:$A$12,0))=INDEX(등급!$J$5:$J$12,MATCH($D24,등급!$A$5:$A$12,0)),INDEX(등급!$I$5:$I$12,MATCH($D24,등급!$A$5:$A$12,0))&"개",INDEX(등급!$I$5:$I$12,MATCH($D24,등급!$A$5:$A$12,0))&"~"&INDEX(등급!$J$5:$J$12,MATCH($D24,등급!$A$5:$A$12,0))&"개")) -> - | N24: =IF(INDEX(등급!$L$5:$L$12,MATCH($D24,등급!$A$5:$A$12,0))=0,"-",INDEX(등급!$K$5:$K$12,MATCH($D24,등급!$A$5:$A$12,0))&"~"&INDEX(등급!$L$5:$L$12,MATCH($D24,등급!$A$5:$A$12,0))&"개") -> -
A25: =장비_기본!B7 -> 성채의 철퇴 | B25: =장비_기본!C7 -> 무기 | C25: =장비_기본!D7 -> 탱커 | D25: SSR | E25: =장비_기본!F7 -> 공격력 | F25: =장비_기본!G7*INDEX(등급!$C$5:$C$12,MATCH($D25,등급!$A$5:$A$12,0)) -> 5.61 | G25: =장비_기본!H7 -> 받는 피해 감소 | H25: =장비_기본!I7*INDEX(등급!$C$5:$C$12,MATCH($D25,등급!$A$5:$A$12,0)) -> 0.0153 | I25: =장비_기본!J7 -> 평타 적중 시 [값]% 확률로 0.6초 기절 | J25: =ROUND(장비_기본!K7*INDEX(등급!$F$5:$F$12,MATCH($D25,등급!$A$5:$A$12,0)),1) -> 6 | K25: =INDEX(등급!$D$5:$D$12,MATCH($D25,등급!$A$5:$A$12,0)) -> 3 | L25: =IF(INDEX(등급!$H$5:$H$12,MATCH($D25,등급!$A$5:$A$12,0))=0,"-",IF(INDEX(등급!$G$5:$G$12,MATCH($D25,등급!$A$5:$A$12,0))=INDEX(등급!$H$5:$H$12,MATCH($D25,등급!$A$5:$A$12,0)),INDEX(등급!$G$5:$G$12,MATCH($D25,등급!$A$5:$A$12,0))&"칸",INDEX(등급!$G$5:$G$12,MATCH($D25,등급!$A$5:$A$12,0))&"~"&INDEX(등급!$H$5:$H$12,MATCH($D25,등급!$A$5:$A$12,0))&"칸")) -> - | M25: =IF(INDEX(등급!$J$5:$J$12,MATCH($D25,등급!$A$5:$A$12,0))=0,"-",IF(INDEX(등급!$I$5:$I$12,MATCH($D25,등급!$A$5:$A$12,0))=INDEX(등급!$J$5:$J$12,MATCH($D25,등급!$A$5:$A$12,0)),INDEX(등급!$I$5:$I$12,MATCH($D25,등급!$A$5:$A$12,0))&"개",INDEX(등급!$I$5:$I$12,MATCH($D25,등급!$A$5:$A$12,0))&"~"&INDEX(등급!$J$5:$J$12,MATCH($D25,등급!$A$5:$A$12,0))&"개")) -> - | N25: =IF(INDEX(등급!$L$5:$L$12,MATCH($D25,등급!$A$5:$A$12,0))=0,"-",INDEX(등급!$K$5:$K$12,MATCH($D25,등급!$A$5:$A$12,0))&"~"&INDEX(등급!$L$5:$L$12,MATCH($D25,등급!$A$5:$A$12,0))&"개") -> -
A26: =장비_기본!B7 -> 성채의 철퇴 | B26: =장비_기본!C7 -> 무기 | C26: =장비_기본!D7 -> 탱커 | D26: UR | E26: =장비_기본!F7 -> 공격력 | F26: =장비_기본!G7*INDEX(등급!$C$5:$C$12,MATCH($D26,등급!$A$5:$A$12,0)) -> 6.71 | G26: =장비_기본!H7 -> 받는 피해 감소 | H26: =장비_기본!I7*INDEX(등급!$C$5:$C$12,MATCH($D26,등급!$A$5:$A$12,0)) -> 0.0183 | I26: =장비_기본!J7 -> 평타 적중 시 [값]% 확률로 0.6초 기절 | J26: =ROUND(장비_기본!K7*INDEX(등급!$F$5:$F$12,MATCH($D26,등급!$A$5:$A$12,0)),1) -> 6.9 | K26: =INDEX(등급!$D$5:$D$12,MATCH($D26,등급!$A$5:$A$12,0)) -> 4 | L26: =IF(INDEX(등급!$H$5:$H$12,MATCH($D26,등급!$A$5:$A$12,0))=0,"-",IF(INDEX(등급!$G$5:$G$12,MATCH($D26,등급!$A$5:$A$12,0))=INDEX(등급!$H$5:$H$12,MATCH($D26,등급!$A$5:$A$12,0)),INDEX(등급!$G$5:$G$12,MATCH($D26,등급!$A$5:$A$12,0))&"칸",INDEX(등급!$G$5:$G$12,MATCH($D26,등급!$A$5:$A$12,0))&"~"&INDEX(등급!$H$5:$H$12,MATCH($D26,등급!$A$5:$A$12,0))&"칸")) -> - | M26: =IF(INDEX(등급!$J$5:$J$12,MATCH($D26,등급!$A$5:$A$12,0))=0,"-",IF(INDEX(등급!$I$5:$I$12,MATCH($D26,등급!$A$5:$A$12,0))=INDEX(등급!$J$5:$J$12,MATCH($D26,등급!$A$5:$A$12,0)),INDEX(등급!$I$5:$I$12,MATCH($D26,등급!$A$5:$A$12,0))&"개",INDEX(등급!$I$5:$I$12,MATCH($D26,등급!$A$5:$A$12,0))&"~"&INDEX(등급!$J$5:$J$12,MATCH($D26,등급!$A$5:$A$12,0))&"개")) -> - | N26: =IF(INDEX(등급!$L$5:$L$12,MATCH($D26,등급!$A$5:$A$12,0))=0,"-",INDEX(등급!$K$5:$K$12,MATCH($D26,등급!$A$5:$A$12,0))&"~"&INDEX(등급!$L$5:$L$12,MATCH($D26,등급!$A$5:$A$12,0))&"개") -> -
A27: =장비_기본!B7 -> 성채의 철퇴 | B27: =장비_기본!C7 -> 무기 | C27: =장비_기본!D7 -> 탱커 | D27: L | E27: =장비_기본!F7 -> 공격력 | F27: =장비_기본!G7*INDEX(등급!$C$5:$C$12,MATCH($D27,등급!$A$5:$A$12,0)) -> 7.04 | G27: =장비_기본!H7 -> 받는 피해 감소 | H27: =장비_기본!I7*INDEX(등급!$C$5:$C$12,MATCH($D27,등급!$A$5:$A$12,0)) -> 0.0192 | I27: =장비_기본!J7 -> 평타 적중 시 [값]% 확률로 0.6초 기절 | J27: =ROUND(장비_기본!K7*INDEX(등급!$F$5:$F$12,MATCH($D27,등급!$A$5:$A$12,0)),1) -> 8 | K27: =INDEX(등급!$D$5:$D$12,MATCH($D27,등급!$A$5:$A$12,0)) -> 4 | L27: =IF(INDEX(등급!$H$5:$H$12,MATCH($D27,등급!$A$5:$A$12,0))=0,"-",IF(INDEX(등급!$G$5:$G$12,MATCH($D27,등급!$A$5:$A$12,0))=INDEX(등급!$H$5:$H$12,MATCH($D27,등급!$A$5:$A$12,0)),INDEX(등급!$G$5:$G$12,MATCH($D27,등급!$A$5:$A$12,0))&"칸",INDEX(등급!$G$5:$G$12,MATCH($D27,등급!$A$5:$A$12,0))&"~"&INDEX(등급!$H$5:$H$12,MATCH($D27,등급!$A$5:$A$12,0))&"칸")) -> 1칸 | M27: =IF(INDEX(등급!$J$5:$J$12,MATCH($D27,등급!$A$5:$A$12,0))=0,"-",IF(INDEX(등급!$I$5:$I$12,MATCH($D27,등급!$A$5:$A$12,0))=INDEX(등급!$J$5:$J$12,MATCH($D27,등급!$A$5:$A$12,0)),INDEX(등급!$I$5:$I$12,MATCH($D27,등급!$A$5:$A$12,0))&"개",INDEX(등급!$I$5:$I$12,MATCH($D27,등급!$A$5:$A$12,0))&"~"&INDEX(등급!$J$5:$J$12,MATCH($D27,등급!$A$5:$A$12,0))&"개")) -> 0~1개 | N27: =IF(INDEX(등급!$L$5:$L$12,MATCH($D27,등급!$A$5:$A$12,0))=0,"-",INDEX(등급!$K$5:$K$12,MATCH($D27,등급!$A$5:$A$12,0))&"~"&INDEX(등급!$L$5:$L$12,MATCH($D27,등급!$A$5:$A$12,0))&"개") -> 0~1개
A28: =장비_기본!B7 -> 성채의 철퇴 | B28: =장비_기본!C7 -> 무기 | C28: =장비_기본!D7 -> 탱커 | D28: E | E28: =장비_기본!F7 -> 공격력 | F28: =장비_기본!G7*INDEX(등급!$C$5:$C$12,MATCH($D28,등급!$A$5:$A$12,0)) -> 7.26 | G28: =장비_기본!H7 -> 받는 피해 감소 | H28: =장비_기본!I7*INDEX(등급!$C$5:$C$12,MATCH($D28,등급!$A$5:$A$12,0)) -> 0.0198 | I28: =장비_기본!J7 -> 평타 적중 시 [값]% 확률로 0.6초 기절 | J28: =ROUND(장비_기본!K7*INDEX(등급!$F$5:$F$12,MATCH($D28,등급!$A$5:$A$12,0)),1) -> 9 | K28: =INDEX(등급!$D$5:$D$12,MATCH($D28,등급!$A$5:$A$12,0)) -> 4 | L28: =IF(INDEX(등급!$H$5:$H$12,MATCH($D28,등급!$A$5:$A$12,0))=0,"-",IF(INDEX(등급!$G$5:$G$12,MATCH($D28,등급!$A$5:$A$12,0))=INDEX(등급!$H$5:$H$12,MATCH($D28,등급!$A$5:$A$12,0)),INDEX(등급!$G$5:$G$12,MATCH($D28,등급!$A$5:$A$12,0))&"칸",INDEX(등급!$G$5:$G$12,MATCH($D28,등급!$A$5:$A$12,0))&"~"&INDEX(등급!$H$5:$H$12,MATCH($D28,등급!$A$5:$A$12,0))&"칸")) -> 1~3칸 | M28: =IF(INDEX(등급!$J$5:$J$12,MATCH($D28,등급!$A$5:$A$12,0))=0,"-",IF(INDEX(등급!$I$5:$I$12,MATCH($D28,등급!$A$5:$A$12,0))=INDEX(등급!$J$5:$J$12,MATCH($D28,등급!$A$5:$A$12,0)),INDEX(등급!$I$5:$I$12,MATCH($D28,등급!$A$5:$A$12,0))&"개",INDEX(등급!$I$5:$I$12,MATCH($D28,등급!$A$5:$A$12,0))&"~"&INDEX(등급!$J$5:$J$12,MATCH($D28,등급!$A$5:$A$12,0))&"개")) -> 1개 | N28: =IF(INDEX(등급!$L$5:$L$12,MATCH($D28,등급!$A$5:$A$12,0))=0,"-",INDEX(등급!$K$5:$K$12,MATCH($D28,등급!$A$5:$A$12,0))&"~"&INDEX(등급!$L$5:$L$12,MATCH($D28,등급!$A$5:$A$12,0))&"개") -> 0~2개
A29: =장비_기본!B8 -> 성벽 판금갑 | B29: =장비_기본!C8 -> 갑옷 | C29: =장비_기본!D8 -> 탱커 | D29: UC | E29: =장비_기본!F8 -> 체력 | F29: =장비_기본!G8*INDEX(등급!$C$5:$C$12,MATCH($D29,등급!$A$5:$A$12,0)) -> 52 | G29: =장비_기본!H8 -> 받는 피해 감소 | H29: =장비_기본!I8*INDEX(등급!$C$5:$C$12,MATCH($D29,등급!$A$5:$A$12,0)) -> 0.006 | I29: =장비_기본!J8 -> 차지 공격 피해 -[값]% | J29: =ROUND(장비_기본!K8*INDEX(등급!$F$5:$F$12,MATCH($D29,등급!$A$5:$A$12,0)),1) -> 6 | K29: =INDEX(등급!$D$5:$D$12,MATCH($D29,등급!$A$5:$A$12,0)) -> 0 | L29: =IF(INDEX(등급!$H$5:$H$12,MATCH($D29,등급!$A$5:$A$12,0))=0,"-",IF(INDEX(등급!$G$5:$G$12,MATCH($D29,등급!$A$5:$A$12,0))=INDEX(등급!$H$5:$H$12,MATCH($D29,등급!$A$5:$A$12,0)),INDEX(등급!$G$5:$G$12,MATCH($D29,등급!$A$5:$A$12,0))&"칸",INDEX(등급!$G$5:$G$12,MATCH($D29,등급!$A$5:$A$12,0))&"~"&INDEX(등급!$H$5:$H$12,MATCH($D29,등급!$A$5:$A$12,0))&"칸")) -> - | M29: =IF(INDEX(등급!$J$5:$J$12,MATCH($D29,등급!$A$5:$A$12,0))=0,"-",IF(INDEX(등급!$I$5:$I$12,MATCH($D29,등급!$A$5:$A$12,0))=INDEX(등급!$J$5:$J$12,MATCH($D29,등급!$A$5:$A$12,0)),INDEX(등급!$I$5:$I$12,MATCH($D29,등급!$A$5:$A$12,0))&"개",INDEX(등급!$I$5:$I$12,MATCH($D29,등급!$A$5:$A$12,0))&"~"&INDEX(등급!$J$5:$J$12,MATCH($D29,등급!$A$5:$A$12,0))&"개")) -> - | N29: =IF(INDEX(등급!$L$5:$L$12,MATCH($D29,등급!$A$5:$A$12,0))=0,"-",INDEX(등급!$K$5:$K$12,MATCH($D29,등급!$A$5:$A$12,0))&"~"&INDEX(등급!$L$5:$L$12,MATCH($D29,등급!$A$5:$A$12,0))&"개") -> -
A30: =장비_기본!B8 -> 성벽 판금갑 | B30: =장비_기본!C8 -> 갑옷 | C30: =장비_기본!D8 -> 탱커 | D30: C | E30: =장비_기본!F8 -> 체력 | F30: =장비_기본!G8*INDEX(등급!$C$5:$C$12,MATCH($D30,등급!$A$5:$A$12,0)) -> 75.4 | G30: =장비_기본!H8 -> 받는 피해 감소 | H30: =장비_기본!I8*INDEX(등급!$C$5:$C$12,MATCH($D30,등급!$A$5:$A$12,0)) -> 0.0087 | I30: =장비_기본!J8 -> 차지 공격 피해 -[값]% | J30: =ROUND(장비_기본!K8*INDEX(등급!$F$5:$F$12,MATCH($D30,등급!$A$5:$A$12,0)),1) -> 8.1 | K30: =INDEX(등급!$D$5:$D$12,MATCH($D30,등급!$A$5:$A$12,0)) -> 0 | L30: =IF(INDEX(등급!$H$5:$H$12,MATCH($D30,등급!$A$5:$A$12,0))=0,"-",IF(INDEX(등급!$G$5:$G$12,MATCH($D30,등급!$A$5:$A$12,0))=INDEX(등급!$H$5:$H$12,MATCH($D30,등급!$A$5:$A$12,0)),INDEX(등급!$G$5:$G$12,MATCH($D30,등급!$A$5:$A$12,0))&"칸",INDEX(등급!$G$5:$G$12,MATCH($D30,등급!$A$5:$A$12,0))&"~"&INDEX(등급!$H$5:$H$12,MATCH($D30,등급!$A$5:$A$12,0))&"칸")) -> - | M30: =IF(INDEX(등급!$J$5:$J$12,MATCH($D30,등급!$A$5:$A$12,0))=0,"-",IF(INDEX(등급!$I$5:$I$12,MATCH($D30,등급!$A$5:$A$12,0))=INDEX(등급!$J$5:$J$12,MATCH($D30,등급!$A$5:$A$12,0)),INDEX(등급!$I$5:$I$12,MATCH($D30,등급!$A$5:$A$12,0))&"개",INDEX(등급!$I$5:$I$12,MATCH($D30,등급!$A$5:$A$12,0))&"~"&INDEX(등급!$J$5:$J$12,MATCH($D30,등급!$A$5:$A$12,0))&"개")) -> - | N30: =IF(INDEX(등급!$L$5:$L$12,MATCH($D30,등급!$A$5:$A$12,0))=0,"-",INDEX(등급!$K$5:$K$12,MATCH($D30,등급!$A$5:$A$12,0))&"~"&INDEX(등급!$L$5:$L$12,MATCH($D30,등급!$A$5:$A$12,0))&"개") -> -
A31: =장비_기본!B8 -> 성벽 판금갑 | B31: =장비_기본!C8 -> 갑옷 | C31: =장비_기본!D8 -> 탱커 | D31: R | E31: =장비_기본!F8 -> 체력 | F31: =장비_기본!G8*INDEX(등급!$C$5:$C$12,MATCH($D31,등급!$A$5:$A$12,0)) -> 88.4 | G31: =장비_기본!H8 -> 받는 피해 감소 | H31: =장비_기본!I8*INDEX(등급!$C$5:$C$12,MATCH($D31,등급!$A$5:$A$12,0)) -> 0.0102 | I31: =장비_기본!J8 -> 차지 공격 피해 -[값]% | J31: =ROUND(장비_기본!K8*INDEX(등급!$F$5:$F$12,MATCH($D31,등급!$A$5:$A$12,0)),1) -> 9 | K31: =INDEX(등급!$D$5:$D$12,MATCH($D31,등급!$A$5:$A$12,0)) -> 1 | L31: =IF(INDEX(등급!$H$5:$H$12,MATCH($D31,등급!$A$5:$A$12,0))=0,"-",IF(INDEX(등급!$G$5:$G$12,MATCH($D31,등급!$A$5:$A$12,0))=INDEX(등급!$H$5:$H$12,MATCH($D31,등급!$A$5:$A$12,0)),INDEX(등급!$G$5:$G$12,MATCH($D31,등급!$A$5:$A$12,0))&"칸",INDEX(등급!$G$5:$G$12,MATCH($D31,등급!$A$5:$A$12,0))&"~"&INDEX(등급!$H$5:$H$12,MATCH($D31,등급!$A$5:$A$12,0))&"칸")) -> - | M31: =IF(INDEX(등급!$J$5:$J$12,MATCH($D31,등급!$A$5:$A$12,0))=0,"-",IF(INDEX(등급!$I$5:$I$12,MATCH($D31,등급!$A$5:$A$12,0))=INDEX(등급!$J$5:$J$12,MATCH($D31,등급!$A$5:$A$12,0)),INDEX(등급!$I$5:$I$12,MATCH($D31,등급!$A$5:$A$12,0))&"개",INDEX(등급!$I$5:$I$12,MATCH($D31,등급!$A$5:$A$12,0))&"~"&INDEX(등급!$J$5:$J$12,MATCH($D31,등급!$A$5:$A$12,0))&"개")) -> - | N31: =IF(INDEX(등급!$L$5:$L$12,MATCH($D31,등급!$A$5:$A$12,0))=0,"-",INDEX(등급!$K$5:$K$12,MATCH($D31,등급!$A$5:$A$12,0))&"~"&INDEX(등급!$L$5:$L$12,MATCH($D31,등급!$A$5:$A$12,0))&"개") -> -
A32: =장비_기본!B8 -> 성벽 판금갑 | B32: =장비_기본!C8 -> 갑옷 | C32: =장비_기본!D8 -> 탱커 | D32: SR | E32: =장비_기본!F8 -> 체력 | F32: =장비_기본!G8*INDEX(등급!$C$5:$C$12,MATCH($D32,등급!$A$5:$A$12,0)) -> 109.2 | G32: =장비_기본!H8 -> 받는 피해 감소 | H32: =장비_기본!I8*INDEX(등급!$C$5:$C$12,MATCH($D32,등급!$A$5:$A$12,0)) -> 0.0126 | I32: =장비_기본!J8 -> 차지 공격 피해 -[값]% | J32: =ROUND(장비_기본!K8*INDEX(등급!$F$5:$F$12,MATCH($D32,등급!$A$5:$A$12,0)),1) -> 10.5 | K32: =INDEX(등급!$D$5:$D$12,MATCH($D32,등급!$A$5:$A$12,0)) -> 2 | L32: =IF(INDEX(등급!$H$5:$H$12,MATCH($D32,등급!$A$5:$A$12,0))=0,"-",IF(INDEX(등급!$G$5:$G$12,MATCH($D32,등급!$A$5:$A$12,0))=INDEX(등급!$H$5:$H$12,MATCH($D32,등급!$A$5:$A$12,0)),INDEX(등급!$G$5:$G$12,MATCH($D32,등급!$A$5:$A$12,0))&"칸",INDEX(등급!$G$5:$G$12,MATCH($D32,등급!$A$5:$A$12,0))&"~"&INDEX(등급!$H$5:$H$12,MATCH($D32,등급!$A$5:$A$12,0))&"칸")) -> - | M32: =IF(INDEX(등급!$J$5:$J$12,MATCH($D32,등급!$A$5:$A$12,0))=0,"-",IF(INDEX(등급!$I$5:$I$12,MATCH($D32,등급!$A$5:$A$12,0))=INDEX(등급!$J$5:$J$12,MATCH($D32,등급!$A$5:$A$12,0)),INDEX(등급!$I$5:$I$12,MATCH($D32,등급!$A$5:$A$12,0))&"개",INDEX(등급!$I$5:$I$12,MATCH($D32,등급!$A$5:$A$12,0))&"~"&INDEX(등급!$J$5:$J$12,MATCH($D32,등급!$A$5:$A$12,0))&"개")) -> - | N32: =IF(INDEX(등급!$L$5:$L$12,MATCH($D32,등급!$A$5:$A$12,0))=0,"-",INDEX(등급!$K$5:$K$12,MATCH($D32,등급!$A$5:$A$12,0))&"~"&INDEX(등급!$L$5:$L$12,MATCH($D32,등급!$A$5:$A$12,0))&"개") -> -
A33: =장비_기본!B8 -> 성벽 판금갑 | B33: =장비_기본!C8 -> 갑옷 | C33: =장비_기본!D8 -> 탱커 | D33: SSR | E33: =장비_기본!F8 -> 체력 | F33: =장비_기본!G8*INDEX(등급!$C$5:$C$12,MATCH($D33,등급!$A$5:$A$12,0)) -> 132.6 | G33: =장비_기본!H8 -> 받는 피해 감소 | H33: =장비_기본!I8*INDEX(등급!$C$5:$C$12,MATCH($D33,등급!$A$5:$A$12,0)) -> 0.0153 | I33: =장비_기본!J8 -> 차지 공격 피해 -[값]% | J33: =ROUND(장비_기본!K8*INDEX(등급!$F$5:$F$12,MATCH($D33,등급!$A$5:$A$12,0)),1) -> 12 | K33: =INDEX(등급!$D$5:$D$12,MATCH($D33,등급!$A$5:$A$12,0)) -> 3 | L33: =IF(INDEX(등급!$H$5:$H$12,MATCH($D33,등급!$A$5:$A$12,0))=0,"-",IF(INDEX(등급!$G$5:$G$12,MATCH($D33,등급!$A$5:$A$12,0))=INDEX(등급!$H$5:$H$12,MATCH($D33,등급!$A$5:$A$12,0)),INDEX(등급!$G$5:$G$12,MATCH($D33,등급!$A$5:$A$12,0))&"칸",INDEX(등급!$G$5:$G$12,MATCH($D33,등급!$A$5:$A$12,0))&"~"&INDEX(등급!$H$5:$H$12,MATCH($D33,등급!$A$5:$A$12,0))&"칸")) -> - | M33: =IF(INDEX(등급!$J$5:$J$12,MATCH($D33,등급!$A$5:$A$12,0))=0,"-",IF(INDEX(등급!$I$5:$I$12,MATCH($D33,등급!$A$5:$A$12,0))=INDEX(등급!$J$5:$J$12,MATCH($D33,등급!$A$5:$A$12,0)),INDEX(등급!$I$5:$I$12,MATCH($D33,등급!$A$5:$A$12,0))&"개",INDEX(등급!$I$5:$I$12,MATCH($D33,등급!$A$5:$A$12,0))&"~"&INDEX(등급!$J$5:$J$12,MATCH($D33,등급!$A$5:$A$12,0))&"개")) -> - | N33: =IF(INDEX(등급!$L$5:$L$12,MATCH($D33,등급!$A$5:$A$12,0))=0,"-",INDEX(등급!$K$5:$K$12,MATCH($D33,등급!$A$5:$A$12,0))&"~"&INDEX(등급!$L$5:$L$12,MATCH($D33,등급!$A$5:$A$12,0))&"개") -> -
A34: =장비_기본!B8 -> 성벽 판금갑 | B34: =장비_기본!C8 -> 갑옷 | C34: =장비_기본!D8 -> 탱커 | D34: UR | E34: =장비_기본!F8 -> 체력 | F34: =장비_기본!G8*INDEX(등급!$C$5:$C$12,MATCH($D34,등급!$A$5:$A$12,0)) -> 158.6 | G34: =장비_기본!H8 -> 받는 피해 감소 | H34: =장비_기본!I8*INDEX(등급!$C$5:$C$12,MATCH($D34,등급!$A$5:$A$12,0)) -> 0.0183 | I34: =장비_기본!J8 -> 차지 공격 피해 -[값]% | J34: =ROUND(장비_기본!K8*INDEX(등급!$F$5:$F$12,MATCH($D34,등급!$A$5:$A$12,0)),1) -> 13.8 | K34: =INDEX(등급!$D$5:$D$12,MATCH($D34,등급!$A$5:$A$12,0)) -> 4 | L34: =IF(INDEX(등급!$H$5:$H$12,MATCH($D34,등급!$A$5:$A$12,0))=0,"-",IF(INDEX(등급!$G$5:$G$12,MATCH($D34,등급!$A$5:$A$12,0))=INDEX(등급!$H$5:$H$12,MATCH($D34,등급!$A$5:$A$12,0)),INDEX(등급!$G$5:$G$12,MATCH($D34,등급!$A$5:$A$12,0))&"칸",INDEX(등급!$G$5:$G$12,MATCH($D34,등급!$A$5:$A$12,0))&"~"&INDEX(등급!$H$5:$H$12,MATCH($D34,등급!$A$5:$A$12,0))&"칸")) -> - | M34: =IF(INDEX(등급!$J$5:$J$12,MATCH($D34,등급!$A$5:$A$12,0))=0,"-",IF(INDEX(등급!$I$5:$I$12,MATCH($D34,등급!$A$5:$A$12,0))=INDEX(등급!$J$5:$J$12,MATCH($D34,등급!$A$5:$A$12,0)),INDEX(등급!$I$5:$I$12,MATCH($D34,등급!$A$5:$A$12,0))&"개",INDEX(등급!$I$5:$I$12,MATCH($D34,등급!$A$5:$A$12,0))&"~"&INDEX(등급!$J$5:$J$12,MATCH($D34,등급!$A$5:$A$12,0))&"개")) -> - | N34: =IF(INDEX(등급!$L$5:$L$12,MATCH($D34,등급!$A$5:$A$12,0))=0,"-",INDEX(등급!$K$5:$K$12,MATCH($D34,등급!$A$5:$A$12,0))&"~"&INDEX(등급!$L$5:$L$12,MATCH($D34,등급!$A$5:$A$12,0))&"개") -> -
A35: =장비_기본!B8 -> 성벽 판금갑 | B35: =장비_기본!C8 -> 갑옷 | C35: =장비_기본!D8 -> 탱커 | D35: L | E35: =장비_기본!F8 -> 체력 | F35: =장비_기본!G8*INDEX(등급!$C$5:$C$12,MATCH($D35,등급!$A$5:$A$12,0)) -> 166.4 | G35: =장비_기본!H8 -> 받는 피해 감소 | H35: =장비_기본!I8*INDEX(등급!$C$5:$C$12,MATCH($D35,등급!$A$5:$A$12,0)) -> 0.0192 | I35: =장비_기본!J8 -> 차지 공격 피해 -[값]% | J35: =ROUND(장비_기본!K8*INDEX(등급!$F$5:$F$12,MATCH($D35,등급!$A$5:$A$12,0)),1) -> 15.9 | K35: =INDEX(등급!$D$5:$D$12,MATCH($D35,등급!$A$5:$A$12,0)) -> 4 | L35: =IF(INDEX(등급!$H$5:$H$12,MATCH($D35,등급!$A$5:$A$12,0))=0,"-",IF(INDEX(등급!$G$5:$G$12,MATCH($D35,등급!$A$5:$A$12,0))=INDEX(등급!$H$5:$H$12,MATCH($D35,등급!$A$5:$A$12,0)),INDEX(등급!$G$5:$G$12,MATCH($D35,등급!$A$5:$A$12,0))&"칸",INDEX(등급!$G$5:$G$12,MATCH($D35,등급!$A$5:$A$12,0))&"~"&INDEX(등급!$H$5:$H$12,MATCH($D35,등급!$A$5:$A$12,0))&"칸")) -> 1칸 | M35: =IF(INDEX(등급!$J$5:$J$12,MATCH($D35,등급!$A$5:$A$12,0))=0,"-",IF(INDEX(등급!$I$5:$I$12,MATCH($D35,등급!$A$5:$A$12,0))=INDEX(등급!$J$5:$J$12,MATCH($D35,등급!$A$5:$A$12,0)),INDEX(등급!$I$5:$I$12,MATCH($D35,등급!$A$5:$A$12,0))&"개",INDEX(등급!$I$5:$I$12,MATCH($D35,등급!$A$5:$A$12,0))&"~"&INDEX(등급!$J$5:$J$12,MATCH($D35,등급!$A$5:$A$12,0))&"개")) -> 0~1개 | N35: =IF(INDEX(등급!$L$5:$L$12,MATCH($D35,등급!$A$5:$A$12,0))=0,"-",INDEX(등급!$K$5:$K$12,MATCH($D35,등급!$A$5:$A$12,0))&"~"&INDEX(등급!$L$5:$L$12,MATCH($D35,등급!$A$5:$A$12,0))&"개") -> 0~1개
A36: =장비_기본!B8 -> 성벽 판금갑 | B36: =장비_기본!C8 -> 갑옷 | C36: =장비_기본!D8 -> 탱커 | D36: E | E36: =장비_기본!F8 -> 체력 | F36: =장비_기본!G8*INDEX(등급!$C$5:$C$12,MATCH($D36,등급!$A$5:$A$12,0)) -> 171.6 | G36: =장비_기본!H8 -> 받는 피해 감소 | H36: =장비_기본!I8*INDEX(등급!$C$5:$C$12,MATCH($D36,등급!$A$5:$A$12,0)) -> 0.0198 | I36: =장비_기본!J8 -> 차지 공격 피해 -[값]% | J36: =ROUND(장비_기본!K8*INDEX(등급!$F$5:$F$12,MATCH($D36,등급!$A$5:$A$12,0)),1) -> 18 | K36: =INDEX(등급!$D$5:$D$12,MATCH($D36,등급!$A$5:$A$12,0)) -> 4 | L36: =IF(INDEX(등급!$H$5:$H$12,MATCH($D36,등급!$A$5:$A$12,0))=0,"-",IF(INDEX(등급!$G$5:$G$12,MATCH($D36,등급!$A$5:$A$12,0))=INDEX(등급!$H$5:$H$12,MATCH($D36,등급!$A$5:$A$12,0)),INDEX(등급!$G$5:$G$12,MATCH($D36,등급!$A$5:$A$12,0))&"칸",INDEX(등급!$G$5:$G$12,MATCH($D36,등급!$A$5:$A$12,0))&"~"&INDEX(등급!$H$5:$H$12,MATCH($D36,등급!$A$5:$A$12,0))&"칸")) -> 1~3칸 | M36: =IF(INDEX(등급!$J$5:$J$12,MATCH($D36,등급!$A$5:$A$12,0))=0,"-",IF(INDEX(등급!$I$5:$I$12,MATCH($D36,등급!$A$5:$A$12,0))=INDEX(등급!$J$5:$J$12,MATCH($D36,등급!$A$5:$A$12,0)),INDEX(등급!$I$5:$I$12,MATCH($D36,등급!$A$5:$A$12,0))&"개",INDEX(등급!$I$5:$I$12,MATCH($D36,등급!$A$5:$A$12,0))&"~"&INDEX(등급!$J$5:$J$12,MATCH($D36,등급!$A$5:$A$12,0))&"개")) -> 1개 | N36: =IF(INDEX(등급!$L$5:$L$12,MATCH($D36,등급!$A$5:$A$12,0))=0,"-",INDEX(등급!$K$5:$K$12,MATCH($D36,등급!$A$5:$A$12,0))&"~"&INDEX(등급!$L$5:$L$12,MATCH($D36,등급!$A$5:$A$12,0))&"개") -> 0~2개
A37: =장비_기본!B9 -> 맹세의 사슬갑 | B37: =장비_기본!C9 -> 갑옷 | C37: =장비_기본!D9 -> 탱커 | D37: UC | E37: =장비_기본!F9 -> 체력 | F37: =장비_기본!G9*INDEX(등급!$C$5:$C$12,MATCH($D37,등급!$A$5:$A$12,0)) -> 52 | G37: =장비_기본!H9 -> 받는 피해 감소 | H37: =장비_기본!I9*INDEX(등급!$C$5:$C$12,MATCH($D37,등급!$A$5:$A$12,0)) -> 0.006 | I37: =장비_기본!J9 -> ① 도발 지속 +[값]초 | J37: =ROUND(장비_기본!K9*INDEX(등급!$F$5:$F$12,MATCH($D37,등급!$A$5:$A$12,0)),1) -> 0.3 | K37: =INDEX(등급!$D$5:$D$12,MATCH($D37,등급!$A$5:$A$12,0)) -> 0 | L37: =IF(INDEX(등급!$H$5:$H$12,MATCH($D37,등급!$A$5:$A$12,0))=0,"-",IF(INDEX(등급!$G$5:$G$12,MATCH($D37,등급!$A$5:$A$12,0))=INDEX(등급!$H$5:$H$12,MATCH($D37,등급!$A$5:$A$12,0)),INDEX(등급!$G$5:$G$12,MATCH($D37,등급!$A$5:$A$12,0))&"칸",INDEX(등급!$G$5:$G$12,MATCH($D37,등급!$A$5:$A$12,0))&"~"&INDEX(등급!$H$5:$H$12,MATCH($D37,등급!$A$5:$A$12,0))&"칸")) -> - | M37: =IF(INDEX(등급!$J$5:$J$12,MATCH($D37,등급!$A$5:$A$12,0))=0,"-",IF(INDEX(등급!$I$5:$I$12,MATCH($D37,등급!$A$5:$A$12,0))=INDEX(등급!$J$5:$J$12,MATCH($D37,등급!$A$5:$A$12,0)),INDEX(등급!$I$5:$I$12,MATCH($D37,등급!$A$5:$A$12,0))&"개",INDEX(등급!$I$5:$I$12,MATCH($D37,등급!$A$5:$A$12,0))&"~"&INDEX(등급!$J$5:$J$12,MATCH($D37,등급!$A$5:$A$12,0))&"개")) -> - | N37: =IF(INDEX(등급!$L$5:$L$12,MATCH($D37,등급!$A$5:$A$12,0))=0,"-",INDEX(등급!$K$5:$K$12,MATCH($D37,등급!$A$5:$A$12,0))&"~"&INDEX(등급!$L$5:$L$12,MATCH($D37,등급!$A$5:$A$12,0))&"개") -> -
A38: =장비_기본!B9 -> 맹세의 사슬갑 | B38: =장비_기본!C9 -> 갑옷 | C38: =장비_기본!D9 -> 탱커 | D38: C | E38: =장비_기본!F9 -> 체력 | F38: =장비_기본!G9*INDEX(등급!$C$5:$C$12,MATCH($D38,등급!$A$5:$A$12,0)) -> 75.4 | G38: =장비_기본!H9 -> 받는 피해 감소 | H38: =장비_기본!I9*INDEX(등급!$C$5:$C$12,MATCH($D38,등급!$A$5:$A$12,0)) -> 0.0087 | I38: =장비_기본!J9 -> ① 도발 지속 +[값]초 | J38: =ROUND(장비_기본!K9*INDEX(등급!$F$5:$F$12,MATCH($D38,등급!$A$5:$A$12,0)),1) -> 0.4 | K38: =INDEX(등급!$D$5:$D$12,MATCH($D38,등급!$A$5:$A$12,0)) -> 0 | L38: =IF(INDEX(등급!$H$5:$H$12,MATCH($D38,등급!$A$5:$A$12,0))=0,"-",IF(INDEX(등급!$G$5:$G$12,MATCH($D38,등급!$A$5:$A$12,0))=INDEX(등급!$H$5:$H$12,MATCH($D38,등급!$A$5:$A$12,0)),INDEX(등급!$G$5:$G$12,MATCH($D38,등급!$A$5:$A$12,0))&"칸",INDEX(등급!$G$5:$G$12,MATCH($D38,등급!$A$5:$A$12,0))&"~"&INDEX(등급!$H$5:$H$12,MATCH($D38,등급!$A$5:$A$12,0))&"칸")) -> - | M38: =IF(INDEX(등급!$J$5:$J$12,MATCH($D38,등급!$A$5:$A$12,0))=0,"-",IF(INDEX(등급!$I$5:$I$12,MATCH($D38,등급!$A$5:$A$12,0))=INDEX(등급!$J$5:$J$12,MATCH($D38,등급!$A$5:$A$12,0)),INDEX(등급!$I$5:$I$12,MATCH($D38,등급!$A$5:$A$12,0))&"개",INDEX(등급!$I$5:$I$12,MATCH($D38,등급!$A$5:$A$12,0))&"~"&INDEX(등급!$J$5:$J$12,MATCH($D38,등급!$A$5:$A$12,0))&"개")) -> - | N38: =IF(INDEX(등급!$L$5:$L$12,MATCH($D38,등급!$A$5:$A$12,0))=0,"-",INDEX(등급!$K$5:$K$12,MATCH($D38,등급!$A$5:$A$12,0))&"~"&INDEX(등급!$L$5:$L$12,MATCH($D38,등급!$A$5:$A$12,0))&"개") -> -
A39: =장비_기본!B9 -> 맹세의 사슬갑 | B39: =장비_기본!C9 -> 갑옷 | C39: =장비_기본!D9 -> 탱커 | D39: R | E39: =장비_기본!F9 -> 체력 | F39: =장비_기본!G9*INDEX(등급!$C$5:$C$12,MATCH($D39,등급!$A$5:$A$12,0)) -> 88.4 | G39: =장비_기본!H9 -> 받는 피해 감소 | H39: =장비_기본!I9*INDEX(등급!$C$5:$C$12,MATCH($D39,등급!$A$5:$A$12,0)) -> 0.0102 | I39: =장비_기본!J9 -> ① 도발 지속 +[값]초 | J39: =ROUND(장비_기본!K9*INDEX(등급!$F$5:$F$12,MATCH($D39,등급!$A$5:$A$12,0)),1) -> 0.5 | K39: =INDEX(등급!$D$5:$D$12,MATCH($D39,등급!$A$5:$A$12,0)) -> 1 | L39: =IF(INDEX(등급!$H$5:$H$12,MATCH($D39,등급!$A$5:$A$12,0))=0,"-",IF(INDEX(등급!$G$5:$G$12,MATCH($D39,등급!$A$5:$A$12,0))=INDEX(등급!$H$5:$H$12,MATCH($D39,등급!$A$5:$A$12,0)),INDEX(등급!$G$5:$G$12,MATCH($D39,등급!$A$5:$A$12,0))&"칸",INDEX(등급!$G$5:$G$12,MATCH($D39,등급!$A$5:$A$12,0))&"~"&INDEX(등급!$H$5:$H$12,MATCH($D39,등급!$A$5:$A$12,0))&"칸")) -> - | M39: =IF(INDEX(등급!$J$5:$J$12,MATCH($D39,등급!$A$5:$A$12,0))=0,"-",IF(INDEX(등급!$I$5:$I$12,MATCH($D39,등급!$A$5:$A$12,0))=INDEX(등급!$J$5:$J$12,MATCH($D39,등급!$A$5:$A$12,0)),INDEX(등급!$I$5:$I$12,MATCH($D39,등급!$A$5:$A$12,0))&"개",INDEX(등급!$I$5:$I$12,MATCH($D39,등급!$A$5:$A$12,0))&"~"&INDEX(등급!$J$5:$J$12,MATCH($D39,등급!$A$5:$A$12,0))&"개")) -> - | N39: =IF(INDEX(등급!$L$5:$L$12,MATCH($D39,등급!$A$5:$A$12,0))=0,"-",INDEX(등급!$K$5:$K$12,MATCH($D39,등급!$A$5:$A$12,0))&"~"&INDEX(등급!$L$5:$L$12,MATCH($D39,등급!$A$5:$A$12,0))&"개") -> -
A40: =장비_기본!B9 -> 맹세의 사슬갑 | B40: =장비_기본!C9 -> 갑옷 | C40: =장비_기본!D9 -> 탱커 | D40: SR | E40: =장비_기본!F9 -> 체력 | F40: =장비_기본!G9*INDEX(등급!$C$5:$C$12,MATCH($D40,등급!$A$5:$A$12,0)) -> 109.2 | G40: =장비_기본!H9 -> 받는 피해 감소 | H40: =장비_기본!I9*INDEX(등급!$C$5:$C$12,MATCH($D40,등급!$A$5:$A$12,0)) -> 0.0126 | I40: =장비_기본!J9 -> ① 도발 지속 +[값]초 | J40: =ROUND(장비_기본!K9*INDEX(등급!$F$5:$F$12,MATCH($D40,등급!$A$5:$A$12,0)),1) -> 0.5 | K40: =INDEX(등급!$D$5:$D$12,MATCH($D40,등급!$A$5:$A$12,0)) -> 2 | L40: =IF(INDEX(등급!$H$5:$H$12,MATCH($D40,등급!$A$5:$A$12,0))=0,"-",IF(INDEX(등급!$G$5:$G$12,MATCH($D40,등급!$A$5:$A$12,0))=INDEX(등급!$H$5:$H$12,MATCH($D40,등급!$A$5:$A$12,0)),INDEX(등급!$G$5:$G$12,MATCH($D40,등급!$A$5:$A$12,0))&"칸",INDEX(등급!$G$5:$G$12,MATCH($D40,등급!$A$5:$A$12,0))&"~"&INDEX(등급!$H$5:$H$12,MATCH($D40,등급!$A$5:$A$12,0))&"칸")) -> - | M40: =IF(INDEX(등급!$J$5:$J$12,MATCH($D40,등급!$A$5:$A$12,0))=0,"-",IF(INDEX(등급!$I$5:$I$12,MATCH($D40,등급!$A$5:$A$12,0))=INDEX(등급!$J$5:$J$12,MATCH($D40,등급!$A$5:$A$12,0)),INDEX(등급!$I$5:$I$12,MATCH($D40,등급!$A$5:$A$12,0))&"개",INDEX(등급!$I$5:$I$12,MATCH($D40,등급!$A$5:$A$12,0))&"~"&INDEX(등급!$J$5:$J$12,MATCH($D40,등급!$A$5:$A$12,0))&"개")) -> - | N40: =IF(INDEX(등급!$L$5:$L$12,MATCH($D40,등급!$A$5:$A$12,0))=0,"-",INDEX(등급!$K$5:$K$12,MATCH($D40,등급!$A$5:$A$12,0))&"~"&INDEX(등급!$L$5:$L$12,MATCH($D40,등급!$A$5:$A$12,0))&"개") -> -
A41: =장비_기본!B9 -> 맹세의 사슬갑 | B41: =장비_기본!C9 -> 갑옷 | C41: =장비_기본!D9 -> 탱커 | D41: SSR | E41: =장비_기본!F9 -> 체력 | F41: =장비_기본!G9*INDEX(등급!$C$5:$C$12,MATCH($D41,등급!$A$5:$A$12,0)) -> 132.6 | G41: =장비_기본!H9 -> 받는 피해 감소 | H41: =장비_기본!I9*INDEX(등급!$C$5:$C$12,MATCH($D41,등급!$A$5:$A$12,0)) -> 0.0153 | I41: =장비_기본!J9 -> ① 도발 지속 +[값]초 | J41: =ROUND(장비_기본!K9*INDEX(등급!$F$5:$F$12,MATCH($D41,등급!$A$5:$A$12,0)),1) -> 0.6 | K41: =INDEX(등급!$D$5:$D$12,MATCH($D41,등급!$A$5:$A$12,0)) -> 3 | L41: =IF(INDEX(등급!$H$5:$H$12,MATCH($D41,등급!$A$5:$A$12,0))=0,"-",IF(INDEX(등급!$G$5:$G$12,MATCH($D41,등급!$A$5:$A$12,0))=INDEX(등급!$H$5:$H$12,MATCH($D41,등급!$A$5:$A$12,0)),INDEX(등급!$G$5:$G$12,MATCH($D41,등급!$A$5:$A$12,0))&"칸",INDEX(등급!$G$5:$G$12,MATCH($D41,등급!$A$5:$A$12,0))&"~"&INDEX(등급!$H$5:$H$12,MATCH($D41,등급!$A$5:$A$12,0))&"칸")) -> - | M41: =IF(INDEX(등급!$J$5:$J$12,MATCH($D41,등급!$A$5:$A$12,0))=0,"-",IF(INDEX(등급!$I$5:$I$12,MATCH($D41,등급!$A$5:$A$12,0))=INDEX(등급!$J$5:$J$12,MATCH($D41,등급!$A$5:$A$12,0)),INDEX(등급!$I$5:$I$12,MATCH($D41,등급!$A$5:$A$12,0))&"개",INDEX(등급!$I$5:$I$12,MATCH($D41,등급!$A$5:$A$12,0))&"~"&INDEX(등급!$J$5:$J$12,MATCH($D41,등급!$A$5:$A$12,0))&"개")) -> - | N41: =IF(INDEX(등급!$L$5:$L$12,MATCH($D41,등급!$A$5:$A$12,0))=0,"-",INDEX(등급!$K$5:$K$12,MATCH($D41,등급!$A$5:$A$12,0))&"~"&INDEX(등급!$L$5:$L$12,MATCH($D41,등급!$A$5:$A$12,0))&"개") -> -
A42: =장비_기본!B9 -> 맹세의 사슬갑 | B42: =장비_기본!C9 -> 갑옷 | C42: =장비_기본!D9 -> 탱커 | D42: UR | E42: =장비_기본!F9 -> 체력 | F42: =장비_기본!G9*INDEX(등급!$C$5:$C$12,MATCH($D42,등급!$A$5:$A$12,0)) -> 158.6 | G42: =장비_기본!H9 -> 받는 피해 감소 | H42: =장비_기본!I9*INDEX(등급!$C$5:$C$12,MATCH($D42,등급!$A$5:$A$12,0)) -> 0.0183 | I42: =장비_기본!J9 -> ① 도발 지속 +[값]초 | J42: =ROUND(장비_기본!K9*INDEX(등급!$F$5:$F$12,MATCH($D42,등급!$A$5:$A$12,0)),1) -> 0.7 | K42: =INDEX(등급!$D$5:$D$12,MATCH($D42,등급!$A$5:$A$12,0)) -> 4 | L42: =IF(INDEX(등급!$H$5:$H$12,MATCH($D42,등급!$A$5:$A$12,0))=0,"-",IF(INDEX(등급!$G$5:$G$12,MATCH($D42,등급!$A$5:$A$12,0))=INDEX(등급!$H$5:$H$12,MATCH($D42,등급!$A$5:$A$12,0)),INDEX(등급!$G$5:$G$12,MATCH($D42,등급!$A$5:$A$12,0))&"칸",INDEX(등급!$G$5:$G$12,MATCH($D42,등급!$A$5:$A$12,0))&"~"&INDEX(등급!$H$5:$H$12,MATCH($D42,등급!$A$5:$A$12,0))&"칸")) -> - | M42: =IF(INDEX(등급!$J$5:$J$12,MATCH($D42,등급!$A$5:$A$12,0))=0,"-",IF(INDEX(등급!$I$5:$I$12,MATCH($D42,등급!$A$5:$A$12,0))=INDEX(등급!$J$5:$J$12,MATCH($D42,등급!$A$5:$A$12,0)),INDEX(등급!$I$5:$I$12,MATCH($D42,등급!$A$5:$A$12,0))&"개",INDEX(등급!$I$5:$I$12,MATCH($D42,등급!$A$5:$A$12,0))&"~"&INDEX(등급!$J$5:$J$12,MATCH($D42,등급!$A$5:$A$12,0))&"개")) -> - | N42: =IF(INDEX(등급!$L$5:$L$12,MATCH($D42,등급!$A$5:$A$12,0))=0,"-",INDEX(등급!$K$5:$K$12,MATCH($D42,등급!$A$5:$A$12,0))&"~"&INDEX(등급!$L$5:$L$12,MATCH($D42,등급!$A$5:$A$12,0))&"개") -> -
A43: =장비_기본!B9 -> 맹세의 사슬갑 | B43: =장비_기본!C9 -> 갑옷 | C43: =장비_기본!D9 -> 탱커 | D43: L | E43: =장비_기본!F9 -> 체력 | F43: =장비_기본!G9*INDEX(등급!$C$5:$C$12,MATCH($D43,등급!$A$5:$A$12,0)) -> 166.4 | G43: =장비_기본!H9 -> 받는 피해 감소 | H43: =장비_기본!I9*INDEX(등급!$C$5:$C$12,MATCH($D43,등급!$A$5:$A$12,0)) -> 0.0192 | I43: =장비_기본!J9 -> ① 도발 지속 +[값]초 | J43: =ROUND(장비_기본!K9*INDEX(등급!$F$5:$F$12,MATCH($D43,등급!$A$5:$A$12,0)),1) -> 0.8 | K43: =INDEX(등급!$D$5:$D$12,MATCH($D43,등급!$A$5:$A$12,0)) -> 4 | L43: =IF(INDEX(등급!$H$5:$H$12,MATCH($D43,등급!$A$5:$A$12,0))=0,"-",IF(INDEX(등급!$G$5:$G$12,MATCH($D43,등급!$A$5:$A$12,0))=INDEX(등급!$H$5:$H$12,MATCH($D43,등급!$A$5:$A$12,0)),INDEX(등급!$G$5:$G$12,MATCH($D43,등급!$A$5:$A$12,0))&"칸",INDEX(등급!$G$5:$G$12,MATCH($D43,등급!$A$5:$A$12,0))&"~"&INDEX(등급!$H$5:$H$12,MATCH($D43,등급!$A$5:$A$12,0))&"칸")) -> 1칸 | M43: =IF(INDEX(등급!$J$5:$J$12,MATCH($D43,등급!$A$5:$A$12,0))=0,"-",IF(INDEX(등급!$I$5:$I$12,MATCH($D43,등급!$A$5:$A$12,0))=INDEX(등급!$J$5:$J$12,MATCH($D43,등급!$A$5:$A$12,0)),INDEX(등급!$I$5:$I$12,MATCH($D43,등급!$A$5:$A$12,0))&"개",INDEX(등급!$I$5:$I$12,MATCH($D43,등급!$A$5:$A$12,0))&"~"&INDEX(등급!$J$5:$J$12,MATCH($D43,등급!$A$5:$A$12,0))&"개")) -> 0~1개 | N43: =IF(INDEX(등급!$L$5:$L$12,MATCH($D43,등급!$A$5:$A$12,0))=0,"-",INDEX(등급!$K$5:$K$12,MATCH($D43,등급!$A$5:$A$12,0))&"~"&INDEX(등급!$L$5:$L$12,MATCH($D43,등급!$A$5:$A$12,0))&"개") -> 0~1개
A44: =장비_기본!B9 -> 맹세의 사슬갑 | B44: =장비_기본!C9 -> 갑옷 | C44: =장비_기본!D9 -> 탱커 | D44: E | E44: =장비_기본!F9 -> 체력 | F44: =장비_기본!G9*INDEX(등급!$C$5:$C$12,MATCH($D44,등급!$A$5:$A$12,0)) -> 171.6 | G44: =장비_기본!H9 -> 받는 피해 감소 | H44: =장비_기본!I9*INDEX(등급!$C$5:$C$12,MATCH($D44,등급!$A$5:$A$12,0)) -> 0.0198 | I44: =장비_기본!J9 -> ① 도발 지속 +[값]초 | J44: =ROUND(장비_기본!K9*INDEX(등급!$F$5:$F$12,MATCH($D44,등급!$A$5:$A$12,0)),1) -> 0.9 | K44: =INDEX(등급!$D$5:$D$12,MATCH($D44,등급!$A$5:$A$12,0)) -> 4 | L44: =IF(INDEX(등급!$H$5:$H$12,MATCH($D44,등급!$A$5:$A$12,0))=0,"-",IF(INDEX(등급!$G$5:$G$12,MATCH($D44,등급!$A$5:$A$12,0))=INDEX(등급!$H$5:$H$12,MATCH($D44,등급!$A$5:$A$12,0)),INDEX(등급!$G$5:$G$12,MATCH($D44,등급!$A$5:$A$12,0))&"칸",INDEX(등급!$G$5:$G$12,MATCH($D44,등급!$A$5:$A$12,0))&"~"&INDEX(등급!$H$5:$H$12,MATCH($D44,등급!$A$5:$A$12,0))&"칸")) -> 1~3칸 | M44: =IF(INDEX(등급!$J$5:$J$12,MATCH($D44,등급!$A$5:$A$12,0))=0,"-",IF(INDEX(등급!$I$5:$I$12,MATCH($D44,등급!$A$5:$A$12,0))=INDEX(등급!$J$5:$J$12,MATCH($D44,등급!$A$5:$A$12,0)),INDEX(등급!$I$5:$I$12,MATCH($D44,등급!$A$5:$A$12,0))&"개",INDEX(등급!$I$5:$I$12,MATCH($D44,등급!$A$5:$A$12,0))&"~"&INDEX(등급!$J$5:$J$12,MATCH($D44,등급!$A$5:$A$12,0))&"개")) -> 1개 | N44: =IF(INDEX(등급!$L$5:$L$12,MATCH($D44,등급!$A$5:$A$12,0))=0,"-",INDEX(등급!$K$5:$K$12,MATCH($D44,등급!$A$5:$A$12,0))&"~"&INDEX(등급!$L$5:$L$12,MATCH($D44,등급!$A$5:$A$12,0))&"개") -> 0~2개
A45: =장비_기본!B10 -> 가시 갑옷 | B45: =장비_기본!C10 -> 갑옷 | C45: =장비_기본!D10 -> 탱커 | D45: UC | E45: =장비_기본!F10 -> 체력 | F45: =장비_기본!G10*INDEX(등급!$C$5:$C$12,MATCH($D45,등급!$A$5:$A$12,0)) -> 52 | G45: =장비_기본!H10 -> 받는 피해 감소 | H45: =장비_기본!I10*INDEX(등급!$C$5:$C$12,MATCH($D45,등급!$A$5:$A$12,0)) -> 0.006 | I45: =장비_기본!J10 -> 받은 근접 피해의 [값]% 반사 | J45: =ROUND(장비_기본!K10*INDEX(등급!$F$5:$F$12,MATCH($D45,등급!$A$5:$A$12,0)),1) -> 5 | K45: =INDEX(등급!$D$5:$D$12,MATCH($D45,등급!$A$5:$A$12,0)) -> 0 | L45: =IF(INDEX(등급!$H$5:$H$12,MATCH($D45,등급!$A$5:$A$12,0))=0,"-",IF(INDEX(등급!$G$5:$G$12,MATCH($D45,등급!$A$5:$A$12,0))=INDEX(등급!$H$5:$H$12,MATCH($D45,등급!$A$5:$A$12,0)),INDEX(등급!$G$5:$G$12,MATCH($D45,등급!$A$5:$A$12,0))&"칸",INDEX(등급!$G$5:$G$12,MATCH($D45,등급!$A$5:$A$12,0))&"~"&INDEX(등급!$H$5:$H$12,MATCH($D45,등급!$A$5:$A$12,0))&"칸")) -> - | M45: =IF(INDEX(등급!$J$5:$J$12,MATCH($D45,등급!$A$5:$A$12,0))=0,"-",IF(INDEX(등급!$I$5:$I$12,MATCH($D45,등급!$A$5:$A$12,0))=INDEX(등급!$J$5:$J$12,MATCH($D45,등급!$A$5:$A$12,0)),INDEX(등급!$I$5:$I$12,MATCH($D45,등급!$A$5:$A$12,0))&"개",INDEX(등급!$I$5:$I$12,MATCH($D45,등급!$A$5:$A$12,0))&"~"&INDEX(등급!$J$5:$J$12,MATCH($D45,등급!$A$5:$A$12,0))&"개")) -> - | N45: =IF(INDEX(등급!$L$5:$L$12,MATCH($D45,등급!$A$5:$A$12,0))=0,"-",INDEX(등급!$K$5:$K$12,MATCH($D45,등급!$A$5:$A$12,0))&"~"&INDEX(등급!$L$5:$L$12,MATCH($D45,등급!$A$5:$A$12,0))&"개") -> -
A46: =장비_기본!B10 -> 가시 갑옷 | B46: =장비_기본!C10 -> 갑옷 | C46: =장비_기본!D10 -> 탱커 | D46: C | E46: =장비_기본!F10 -> 체력 | F46: =장비_기본!G10*INDEX(등급!$C$5:$C$12,MATCH($D46,등급!$A$5:$A$12,0)) -> 75.4 | G46: =장비_기본!H10 -> 받는 피해 감소 | H46: =장비_기본!I10*INDEX(등급!$C$5:$C$12,MATCH($D46,등급!$A$5:$A$12,0)) -> 0.0087 | I46: =장비_기본!J10 -> 받은 근접 피해의 [값]% 반사 | J46: =ROUND(장비_기본!K10*INDEX(등급!$F$5:$F$12,MATCH($D46,등급!$A$5:$A$12,0)),1) -> 6.8 | K46: =INDEX(등급!$D$5:$D$12,MATCH($D46,등급!$A$5:$A$12,0)) -> 0 | L46: =IF(INDEX(등급!$H$5:$H$12,MATCH($D46,등급!$A$5:$A$12,0))=0,"-",IF(INDEX(등급!$G$5:$G$12,MATCH($D46,등급!$A$5:$A$12,0))=INDEX(등급!$H$5:$H$12,MATCH($D46,등급!$A$5:$A$12,0)),INDEX(등급!$G$5:$G$12,MATCH($D46,등급!$A$5:$A$12,0))&"칸",INDEX(등급!$G$5:$G$12,MATCH($D46,등급!$A$5:$A$12,0))&"~"&INDEX(등급!$H$5:$H$12,MATCH($D46,등급!$A$5:$A$12,0))&"칸")) -> - | M46: =IF(INDEX(등급!$J$5:$J$12,MATCH($D46,등급!$A$5:$A$12,0))=0,"-",IF(INDEX(등급!$I$5:$I$12,MATCH($D46,등급!$A$5:$A$12,0))=INDEX(등급!$J$5:$J$12,MATCH($D46,등급!$A$5:$A$12,0)),INDEX(등급!$I$5:$I$12,MATCH($D46,등급!$A$5:$A$12,0))&"개",INDEX(등급!$I$5:$I$12,MATCH($D46,등급!$A$5:$A$12,0))&"~"&INDEX(등급!$J$5:$J$12,MATCH($D46,등급!$A$5:$A$12,0))&"개")) -> - | N46: =IF(INDEX(등급!$L$5:$L$12,MATCH($D46,등급!$A$5:$A$12,0))=0,"-",INDEX(등급!$K$5:$K$12,MATCH($D46,등급!$A$5:$A$12,0))&"~"&INDEX(등급!$L$5:$L$12,MATCH($D46,등급!$A$5:$A$12,0))&"개") -> -
A47: =장비_기본!B10 -> 가시 갑옷 | B47: =장비_기본!C10 -> 갑옷 | C47: =장비_기본!D10 -> 탱커 | D47: R | E47: =장비_기본!F10 -> 체력 | F47: =장비_기본!G10*INDEX(등급!$C$5:$C$12,MATCH($D47,등급!$A$5:$A$12,0)) -> 88.4 | G47: =장비_기본!H10 -> 받는 피해 감소 | H47: =장비_기본!I10*INDEX(등급!$C$5:$C$12,MATCH($D47,등급!$A$5:$A$12,0)) -> 0.0102 | I47: =장비_기본!J10 -> 받은 근접 피해의 [값]% 반사 | J47: =ROUND(장비_기본!K10*INDEX(등급!$F$5:$F$12,MATCH($D47,등급!$A$5:$A$12,0)),1) -> 7.5 | K47: =INDEX(등급!$D$5:$D$12,MATCH($D47,등급!$A$5:$A$12,0)) -> 1 | L47: =IF(INDEX(등급!$H$5:$H$12,MATCH($D47,등급!$A$5:$A$12,0))=0,"-",IF(INDEX(등급!$G$5:$G$12,MATCH($D47,등급!$A$5:$A$12,0))=INDEX(등급!$H$5:$H$12,MATCH($D47,등급!$A$5:$A$12,0)),INDEX(등급!$G$5:$G$12,MATCH($D47,등급!$A$5:$A$12,0))&"칸",INDEX(등급!$G$5:$G$12,MATCH($D47,등급!$A$5:$A$12,0))&"~"&INDEX(등급!$H$5:$H$12,MATCH($D47,등급!$A$5:$A$12,0))&"칸")) -> - | M47: =IF(INDEX(등급!$J$5:$J$12,MATCH($D47,등급!$A$5:$A$12,0))=0,"-",IF(INDEX(등급!$I$5:$I$12,MATCH($D47,등급!$A$5:$A$12,0))=INDEX(등급!$J$5:$J$12,MATCH($D47,등급!$A$5:$A$12,0)),INDEX(등급!$I$5:$I$12,MATCH($D47,등급!$A$5:$A$12,0))&"개",INDEX(등급!$I$5:$I$12,MATCH($D47,등급!$A$5:$A$12,0))&"~"&INDEX(등급!$J$5:$J$12,MATCH($D47,등급!$A$5:$A$12,0))&"개")) -> - | N47: =IF(INDEX(등급!$L$5:$L$12,MATCH($D47,등급!$A$5:$A$12,0))=0,"-",INDEX(등급!$K$5:$K$12,MATCH($D47,등급!$A$5:$A$12,0))&"~"&INDEX(등급!$L$5:$L$12,MATCH($D47,등급!$A$5:$A$12,0))&"개") -> -
A48: =장비_기본!B10 -> 가시 갑옷 | B48: =장비_기본!C10 -> 갑옷 | C48: =장비_기본!D10 -> 탱커 | D48: SR | E48: =장비_기본!F10 -> 체력 | F48: =장비_기본!G10*INDEX(등급!$C$5:$C$12,MATCH($D48,등급!$A$5:$A$12,0)) -> 109.2 | G48: =장비_기본!H10 -> 받는 피해 감소 | H48: =장비_기본!I10*INDEX(등급!$C$5:$C$12,MATCH($D48,등급!$A$5:$A$12,0)) -> 0.0126 | I48: =장비_기본!J10 -> 받은 근접 피해의 [값]% 반사 | J48: =ROUND(장비_기본!K10*INDEX(등급!$F$5:$F$12,MATCH($D48,등급!$A$5:$A$12,0)),1) -> 8.8 | K48: =INDEX(등급!$D$5:$D$12,MATCH($D48,등급!$A$5:$A$12,0)) -> 2 | L48: =IF(INDEX(등급!$H$5:$H$12,MATCH($D48,등급!$A$5:$A$12,0))=0,"-",IF(INDEX(등급!$G$5:$G$12,MATCH($D48,등급!$A$5:$A$12,0))=INDEX(등급!$H$5:$H$12,MATCH($D48,등급!$A$5:$A$12,0)),INDEX(등급!$G$5:$G$12,MATCH($D48,등급!$A$5:$A$12,0))&"칸",INDEX(등급!$G$5:$G$12,MATCH($D48,등급!$A$5:$A$12,0))&"~"&INDEX(등급!$H$5:$H$12,MATCH($D48,등급!$A$5:$A$12,0))&"칸")) -> - | M48: =IF(INDEX(등급!$J$5:$J$12,MATCH($D48,등급!$A$5:$A$12,0))=0,"-",IF(INDEX(등급!$I$5:$I$12,MATCH($D48,등급!$A$5:$A$12,0))=INDEX(등급!$J$5:$J$12,MATCH($D48,등급!$A$5:$A$12,0)),INDEX(등급!$I$5:$I$12,MATCH($D48,등급!$A$5:$A$12,0))&"개",INDEX(등급!$I$5:$I$12,MATCH($D48,등급!$A$5:$A$12,0))&"~"&INDEX(등급!$J$5:$J$12,MATCH($D48,등급!$A$5:$A$12,0))&"개")) -> - | N48: =IF(INDEX(등급!$L$5:$L$12,MATCH($D48,등급!$A$5:$A$12,0))=0,"-",INDEX(등급!$K$5:$K$12,MATCH($D48,등급!$A$5:$A$12,0))&"~"&INDEX(등급!$L$5:$L$12,MATCH($D48,등급!$A$5:$A$12,0))&"개") -> -
A49: =장비_기본!B10 -> 가시 갑옷 | B49: =장비_기본!C10 -> 갑옷 | C49: =장비_기본!D10 -> 탱커 | D49: SSR | E49: =장비_기본!F10 -> 체력 | F49: =장비_기본!G10*INDEX(등급!$C$5:$C$12,MATCH($D49,등급!$A$5:$A$12,0)) -> 132.6 | G49: =장비_기본!H10 -> 받는 피해 감소 | H49: =장비_기본!I10*INDEX(등급!$C$5:$C$12,MATCH($D49,등급!$A$5:$A$12,0)) -> 0.0153 | I49: =장비_기본!J10 -> 받은 근접 피해의 [값]% 반사 | J49: =ROUND(장비_기본!K10*INDEX(등급!$F$5:$F$12,MATCH($D49,등급!$A$5:$A$12,0)),1) -> 10 | K49: =INDEX(등급!$D$5:$D$12,MATCH($D49,등급!$A$5:$A$12,0)) -> 3 | L49: =IF(INDEX(등급!$H$5:$H$12,MATCH($D49,등급!$A$5:$A$12,0))=0,"-",IF(INDEX(등급!$G$5:$G$12,MATCH($D49,등급!$A$5:$A$12,0))=INDEX(등급!$H$5:$H$12,MATCH($D49,등급!$A$5:$A$12,0)),INDEX(등급!$G$5:$G$12,MATCH($D49,등급!$A$5:$A$12,0))&"칸",INDEX(등급!$G$5:$G$12,MATCH($D49,등급!$A$5:$A$12,0))&"~"&INDEX(등급!$H$5:$H$12,MATCH($D49,등급!$A$5:$A$12,0))&"칸")) -> - | M49: =IF(INDEX(등급!$J$5:$J$12,MATCH($D49,등급!$A$5:$A$12,0))=0,"-",IF(INDEX(등급!$I$5:$I$12,MATCH($D49,등급!$A$5:$A$12,0))=INDEX(등급!$J$5:$J$12,MATCH($D49,등급!$A$5:$A$12,0)),INDEX(등급!$I$5:$I$12,MATCH($D49,등급!$A$5:$A$12,0))&"개",INDEX(등급!$I$5:$I$12,MATCH($D49,등급!$A$5:$A$12,0))&"~"&INDEX(등급!$J$5:$J$12,MATCH($D49,등급!$A$5:$A$12,0))&"개")) -> - | N49: =IF(INDEX(등급!$L$5:$L$12,MATCH($D49,등급!$A$5:$A$12,0))=0,"-",INDEX(등급!$K$5:$K$12,MATCH($D49,등급!$A$5:$A$12,0))&"~"&INDEX(등급!$L$5:$L$12,MATCH($D49,등급!$A$5:$A$12,0))&"개") -> -
A50: =장비_기본!B10 -> 가시 갑옷 | B50: =장비_기본!C10 -> 갑옷 | C50: =장비_기본!D10 -> 탱커 | D50: UR | E50: =장비_기본!F10 -> 체력 | F50: =장비_기본!G10*INDEX(등급!$C$5:$C$12,MATCH($D50,등급!$A$5:$A$12,0)) -> 158.6 | G50: =장비_기본!H10 -> 받는 피해 감소 | H50: =장비_기본!I10*INDEX(등급!$C$5:$C$12,MATCH($D50,등급!$A$5:$A$12,0)) -> 0.0183 | I50: =장비_기본!J10 -> 받은 근접 피해의 [값]% 반사 | J50: =ROUND(장비_기본!K10*INDEX(등급!$F$5:$F$12,MATCH($D50,등급!$A$5:$A$12,0)),1) -> 11.5 | K50: =INDEX(등급!$D$5:$D$12,MATCH($D50,등급!$A$5:$A$12,0)) -> 4 | L50: =IF(INDEX(등급!$H$5:$H$12,MATCH($D50,등급!$A$5:$A$12,0))=0,"-",IF(INDEX(등급!$G$5:$G$12,MATCH($D50,등급!$A$5:$A$12,0))=INDEX(등급!$H$5:$H$12,MATCH($D50,등급!$A$5:$A$12,0)),INDEX(등급!$G$5:$G$12,MATCH($D50,등급!$A$5:$A$12,0))&"칸",INDEX(등급!$G$5:$G$12,MATCH($D50,등급!$A$5:$A$12,0))&"~"&INDEX(등급!$H$5:$H$12,MATCH($D50,등급!$A$5:$A$12,0))&"칸")) -> - | M50: =IF(INDEX(등급!$J$5:$J$12,MATCH($D50,등급!$A$5:$A$12,0))=0,"-",IF(INDEX(등급!$I$5:$I$12,MATCH($D50,등급!$A$5:$A$12,0))=INDEX(등급!$J$5:$J$12,MATCH($D50,등급!$A$5:$A$12,0)),INDEX(등급!$I$5:$I$12,MATCH($D50,등급!$A$5:$A$12,0))&"개",INDEX(등급!$I$5:$I$12,MATCH($D50,등급!$A$5:$A$12,0))&"~"&INDEX(등급!$J$5:$J$12,MATCH($D50,등급!$A$5:$A$12,0))&"개")) -> - | N50: =IF(INDEX(등급!$L$5:$L$12,MATCH($D50,등급!$A$5:$A$12,0))=0,"-",INDEX(등급!$K$5:$K$12,MATCH($D50,등급!$A$5:$A$12,0))&"~"&INDEX(등급!$L$5:$L$12,MATCH($D50,등급!$A$5:$A$12,0))&"개") -> -
A51: =장비_기본!B10 -> 가시 갑옷 | B51: =장비_기본!C10 -> 갑옷 | C51: =장비_기본!D10 -> 탱커 | D51: L | E51: =장비_기본!F10 -> 체력 | F51: =장비_기본!G10*INDEX(등급!$C$5:$C$12,MATCH($D51,등급!$A$5:$A$12,0)) -> 166.4 | G51: =장비_기본!H10 -> 받는 피해 감소 | H51: =장비_기본!I10*INDEX(등급!$C$5:$C$12,MATCH($D51,등급!$A$5:$A$12,0)) -> 0.0192 | I51: =장비_기본!J10 -> 받은 근접 피해의 [값]% 반사 | J51: =ROUND(장비_기본!K10*INDEX(등급!$F$5:$F$12,MATCH($D51,등급!$A$5:$A$12,0)),1) -> 13.3 | K51: =INDEX(등급!$D$5:$D$12,MATCH($D51,등급!$A$5:$A$12,0)) -> 4 | L51: =IF(INDEX(등급!$H$5:$H$12,MATCH($D51,등급!$A$5:$A$12,0))=0,"-",IF(INDEX(등급!$G$5:$G$12,MATCH($D51,등급!$A$5:$A$12,0))=INDEX(등급!$H$5:$H$12,MATCH($D51,등급!$A$5:$A$12,0)),INDEX(등급!$G$5:$G$12,MATCH($D51,등급!$A$5:$A$12,0))&"칸",INDEX(등급!$G$5:$G$12,MATCH($D51,등급!$A$5:$A$12,0))&"~"&INDEX(등급!$H$5:$H$12,MATCH($D51,등급!$A$5:$A$12,0))&"칸")) -> 1칸 | M51: =IF(INDEX(등급!$J$5:$J$12,MATCH($D51,등급!$A$5:$A$12,0))=0,"-",IF(INDEX(등급!$I$5:$I$12,MATCH($D51,등급!$A$5:$A$12,0))=INDEX(등급!$J$5:$J$12,MATCH($D51,등급!$A$5:$A$12,0)),INDEX(등급!$I$5:$I$12,MATCH($D51,등급!$A$5:$A$12,0))&"개",INDEX(등급!$I$5:$I$12,MATCH($D51,등급!$A$5:$A$12,0))&"~"&INDEX(등급!$J$5:$J$12,MATCH($D51,등급!$A$5:$A$12,0))&"개")) -> 0~1개 | N51: =IF(INDEX(등급!$L$5:$L$12,MATCH($D51,등급!$A$5:$A$12,0))=0,"-",INDEX(등급!$K$5:$K$12,MATCH($D51,등급!$A$5:$A$12,0))&"~"&INDEX(등급!$L$5:$L$12,MATCH($D51,등급!$A$5:$A$12,0))&"개") -> 0~1개
A52: =장비_기본!B10 -> 가시 갑옷 | B52: =장비_기본!C10 -> 갑옷 | C52: =장비_기본!D10 -> 탱커 | D52: E | E52: =장비_기본!F10 -> 체력 | F52: =장비_기본!G10*INDEX(등급!$C$5:$C$12,MATCH($D52,등급!$A$5:$A$12,0)) -> 171.6 | G52: =장비_기본!H10 -> 받는 피해 감소 | H52: =장비_기본!I10*INDEX(등급!$C$5:$C$12,MATCH($D52,등급!$A$5:$A$12,0)) -> 0.0198 | I52: =장비_기본!J10 -> 받은 근접 피해의 [값]% 반사 | J52: =ROUND(장비_기본!K10*INDEX(등급!$F$5:$F$12,MATCH($D52,등급!$A$5:$A$12,0)),1) -> 15 | K52: =INDEX(등급!$D$5:$D$12,MATCH($D52,등급!$A$5:$A$12,0)) -> 4 | L52: =IF(INDEX(등급!$H$5:$H$12,MATCH($D52,등급!$A$5:$A$12,0))=0,"-",IF(INDEX(등급!$G$5:$G$12,MATCH($D52,등급!$A$5:$A$12,0))=INDEX(등급!$H$5:$H$12,MATCH($D52,등급!$A$5:$A$12,0)),INDEX(등급!$G$5:$G$12,MATCH($D52,등급!$A$5:$A$12,0))&"칸",INDEX(등급!$G$5:$G$12,MATCH($D52,등급!$A$5:$A$12,0))&"~"&INDEX(등급!$H$5:$H$12,MATCH($D52,등급!$A$5:$A$12,0))&"칸")) -> 1~3칸 | M52: =IF(INDEX(등급!$J$5:$J$12,MATCH($D52,등급!$A$5:$A$12,0))=0,"-",IF(INDEX(등급!$I$5:$I$12,MATCH($D52,등급!$A$5:$A$12,0))=INDEX(등급!$J$5:$J$12,MATCH($D52,등급!$A$5:$A$12,0)),INDEX(등급!$I$5:$I$12,MATCH($D52,등급!$A$5:$A$12,0))&"개",INDEX(등급!$I$5:$I$12,MATCH($D52,등급!$A$5:$A$12,0))&"~"&INDEX(등급!$J$5:$J$12,MATCH($D52,등급!$A$5:$A$12,0))&"개")) -> 1개 | N52: =IF(INDEX(등급!$L$5:$L$12,MATCH($D52,등급!$A$5:$A$12,0))=0,"-",INDEX(등급!$K$5:$K$12,MATCH($D52,등급!$A$5:$A$12,0))&"~"&INDEX(등급!$L$5:$L$12,MATCH($D52,등급!$A$5:$A$12,0))&"개") -> 0~2개
A53: =장비_기본!B11 -> 불굴의 소울 메달 | B53: =장비_기본!C11 -> 소울 메달 | C53: =장비_기본!D11 -> 탱커 | D53: UC | E53: =장비_기본!F11 -> 받는 피해 감소 | F53: =장비_기본!G11*INDEX(등급!$C$5:$C$12,MATCH($D53,등급!$A$5:$A$12,0)) -> 0.012 | G53: =장비_기본!H11 -> ① 스킬 위력 | H53: =장비_기본!I11*INDEX(등급!$C$5:$C$12,MATCH($D53,등급!$A$5:$A$12,0)) -> 0.1 | I53: - | K53: =INDEX(등급!$D$5:$D$12,MATCH($D53,등급!$A$5:$A$12,0)) -> 0 | L53: =IF(INDEX(등급!$H$5:$H$12,MATCH($D53,등급!$A$5:$A$12,0))=0,"-",IF(INDEX(등급!$G$5:$G$12,MATCH($D53,등급!$A$5:$A$12,0))=INDEX(등급!$H$5:$H$12,MATCH($D53,등급!$A$5:$A$12,0)),INDEX(등급!$G$5:$G$12,MATCH($D53,등급!$A$5:$A$12,0))&"칸",INDEX(등급!$G$5:$G$12,MATCH($D53,등급!$A$5:$A$12,0))&"~"&INDEX(등급!$H$5:$H$12,MATCH($D53,등급!$A$5:$A$12,0))&"칸")) -> - | M53: =IF(INDEX(등급!$J$5:$J$12,MATCH($D53,등급!$A$5:$A$12,0))=0,"-",IF(INDEX(등급!$I$5:$I$12,MATCH($D53,등급!$A$5:$A$12,0))=INDEX(등급!$J$5:$J$12,MATCH($D53,등급!$A$5:$A$12,0)),INDEX(등급!$I$5:$I$12,MATCH($D53,등급!$A$5:$A$12,0))&"개",INDEX(등급!$I$5:$I$12,MATCH($D53,등급!$A$5:$A$12,0))&"~"&INDEX(등급!$J$5:$J$12,MATCH($D53,등급!$A$5:$A$12,0))&"개")) -> - | N53: =IF(INDEX(등급!$L$5:$L$12,MATCH($D53,등급!$A$5:$A$12,0))=0,"-",INDEX(등급!$K$5:$K$12,MATCH($D53,등급!$A$5:$A$12,0))&"~"&INDEX(등급!$L$5:$L$12,MATCH($D53,등급!$A$5:$A$12,0))&"개") -> -
A54: =장비_기본!B11 -> 불굴의 소울 메달 | B54: =장비_기본!C11 -> 소울 메달 | C54: =장비_기본!D11 -> 탱커 | D54: C | E54: =장비_기본!F11 -> 받는 피해 감소 | F54: =장비_기본!G11*INDEX(등급!$C$5:$C$12,MATCH($D54,등급!$A$5:$A$12,0)) -> 0.0174 | G54: =장비_기본!H11 -> ① 스킬 위력 | H54: =장비_기본!I11*INDEX(등급!$C$5:$C$12,MATCH($D54,등급!$A$5:$A$12,0)) -> 0.145 | I54: - | K54: =INDEX(등급!$D$5:$D$12,MATCH($D54,등급!$A$5:$A$12,0)) -> 0 | L54: =IF(INDEX(등급!$H$5:$H$12,MATCH($D54,등급!$A$5:$A$12,0))=0,"-",IF(INDEX(등급!$G$5:$G$12,MATCH($D54,등급!$A$5:$A$12,0))=INDEX(등급!$H$5:$H$12,MATCH($D54,등급!$A$5:$A$12,0)),INDEX(등급!$G$5:$G$12,MATCH($D54,등급!$A$5:$A$12,0))&"칸",INDEX(등급!$G$5:$G$12,MATCH($D54,등급!$A$5:$A$12,0))&"~"&INDEX(등급!$H$5:$H$12,MATCH($D54,등급!$A$5:$A$12,0))&"칸")) -> - | M54: =IF(INDEX(등급!$J$5:$J$12,MATCH($D54,등급!$A$5:$A$12,0))=0,"-",IF(INDEX(등급!$I$5:$I$12,MATCH($D54,등급!$A$5:$A$12,0))=INDEX(등급!$J$5:$J$12,MATCH($D54,등급!$A$5:$A$12,0)),INDEX(등급!$I$5:$I$12,MATCH($D54,등급!$A$5:$A$12,0))&"개",INDEX(등급!$I$5:$I$12,MATCH($D54,등급!$A$5:$A$12,0))&"~"&INDEX(등급!$J$5:$J$12,MATCH($D54,등급!$A$5:$A$12,0))&"개")) -> - | N54: =IF(INDEX(등급!$L$5:$L$12,MATCH($D54,등급!$A$5:$A$12,0))=0,"-",INDEX(등급!$K$5:$K$12,MATCH($D54,등급!$A$5:$A$12,0))&"~"&INDEX(등급!$L$5:$L$12,MATCH($D54,등급!$A$5:$A$12,0))&"개") -> -
A55: =장비_기본!B11 -> 불굴의 소울 메달 | B55: =장비_기본!C11 -> 소울 메달 | C55: =장비_기본!D11 -> 탱커 | D55: R | E55: =장비_기본!F11 -> 받는 피해 감소 | F55: =장비_기본!G11*INDEX(등급!$C$5:$C$12,MATCH($D55,등급!$A$5:$A$12,0)) -> 0.0204 | G55: =장비_기본!H11 -> ① 스킬 위력 | H55: =장비_기본!I11*INDEX(등급!$C$5:$C$12,MATCH($D55,등급!$A$5:$A$12,0)) -> 0.17 | I55: - | K55: =INDEX(등급!$D$5:$D$12,MATCH($D55,등급!$A$5:$A$12,0)) -> 1 | L55: =IF(INDEX(등급!$H$5:$H$12,MATCH($D55,등급!$A$5:$A$12,0))=0,"-",IF(INDEX(등급!$G$5:$G$12,MATCH($D55,등급!$A$5:$A$12,0))=INDEX(등급!$H$5:$H$12,MATCH($D55,등급!$A$5:$A$12,0)),INDEX(등급!$G$5:$G$12,MATCH($D55,등급!$A$5:$A$12,0))&"칸",INDEX(등급!$G$5:$G$12,MATCH($D55,등급!$A$5:$A$12,0))&"~"&INDEX(등급!$H$5:$H$12,MATCH($D55,등급!$A$5:$A$12,0))&"칸")) -> - | M55: =IF(INDEX(등급!$J$5:$J$12,MATCH($D55,등급!$A$5:$A$12,0))=0,"-",IF(INDEX(등급!$I$5:$I$12,MATCH($D55,등급!$A$5:$A$12,0))=INDEX(등급!$J$5:$J$12,MATCH($D55,등급!$A$5:$A$12,0)),INDEX(등급!$I$5:$I$12,MATCH($D55,등급!$A$5:$A$12,0))&"개",INDEX(등급!$I$5:$I$12,MATCH($D55,등급!$A$5:$A$12,0))&"~"&INDEX(등급!$J$5:$J$12,MATCH($D55,등급!$A$5:$A$12,0))&"개")) -> - | N55: =IF(INDEX(등급!$L$5:$L$12,MATCH($D55,등급!$A$5:$A$12,0))=0,"-",INDEX(등급!$K$5:$K$12,MATCH($D55,등급!$A$5:$A$12,0))&"~"&INDEX(등급!$L$5:$L$12,MATCH($D55,등급!$A$5:$A$12,0))&"개") -> -
A56: =장비_기본!B11 -> 불굴의 소울 메달 | B56: =장비_기본!C11 -> 소울 메달 | C56: =장비_기본!D11 -> 탱커 | D56: SR | E56: =장비_기본!F11 -> 받는 피해 감소 | F56: =장비_기본!G11*INDEX(등급!$C$5:$C$12,MATCH($D56,등급!$A$5:$A$12,0)) -> 0.0252 | G56: =장비_기본!H11 -> ① 스킬 위력 | H56: =장비_기본!I11*INDEX(등급!$C$5:$C$12,MATCH($D56,등급!$A$5:$A$12,0)) -> 0.21 | I56: - | K56: =INDEX(등급!$D$5:$D$12,MATCH($D56,등급!$A$5:$A$12,0)) -> 2 | L56: =IF(INDEX(등급!$H$5:$H$12,MATCH($D56,등급!$A$5:$A$12,0))=0,"-",IF(INDEX(등급!$G$5:$G$12,MATCH($D56,등급!$A$5:$A$12,0))=INDEX(등급!$H$5:$H$12,MATCH($D56,등급!$A$5:$A$12,0)),INDEX(등급!$G$5:$G$12,MATCH($D56,등급!$A$5:$A$12,0))&"칸",INDEX(등급!$G$5:$G$12,MATCH($D56,등급!$A$5:$A$12,0))&"~"&INDEX(등급!$H$5:$H$12,MATCH($D56,등급!$A$5:$A$12,0))&"칸")) -> - | M56: =IF(INDEX(등급!$J$5:$J$12,MATCH($D56,등급!$A$5:$A$12,0))=0,"-",IF(INDEX(등급!$I$5:$I$12,MATCH($D56,등급!$A$5:$A$12,0))=INDEX(등급!$J$5:$J$12,MATCH($D56,등급!$A$5:$A$12,0)),INDEX(등급!$I$5:$I$12,MATCH($D56,등급!$A$5:$A$12,0))&"개",INDEX(등급!$I$5:$I$12,MATCH($D56,등급!$A$5:$A$12,0))&"~"&INDEX(등급!$J$5:$J$12,MATCH($D56,등급!$A$5:$A$12,0))&"개")) -> - | N56: =IF(INDEX(등급!$L$5:$L$12,MATCH($D56,등급!$A$5:$A$12,0))=0,"-",INDEX(등급!$K$5:$K$12,MATCH($D56,등급!$A$5:$A$12,0))&"~"&INDEX(등급!$L$5:$L$12,MATCH($D56,등급!$A$5:$A$12,0))&"개") -> -
A57: =장비_기본!B11 -> 불굴의 소울 메달 | B57: =장비_기본!C11 -> 소울 메달 | C57: =장비_기본!D11 -> 탱커 | D57: SSR | E57: =장비_기본!F11 -> 받는 피해 감소 | F57: =장비_기본!G11*INDEX(등급!$C$5:$C$12,MATCH($D57,등급!$A$5:$A$12,0)) -> 0.0306 | G57: =장비_기본!H11 -> ① 스킬 위력 | H57: =장비_기본!I11*INDEX(등급!$C$5:$C$12,MATCH($D57,등급!$A$5:$A$12,0)) -> 0.255 | I57: - | K57: =INDEX(등급!$D$5:$D$12,MATCH($D57,등급!$A$5:$A$12,0)) -> 3 | L57: =IF(INDEX(등급!$H$5:$H$12,MATCH($D57,등급!$A$5:$A$12,0))=0,"-",IF(INDEX(등급!$G$5:$G$12,MATCH($D57,등급!$A$5:$A$12,0))=INDEX(등급!$H$5:$H$12,MATCH($D57,등급!$A$5:$A$12,0)),INDEX(등급!$G$5:$G$12,MATCH($D57,등급!$A$5:$A$12,0))&"칸",INDEX(등급!$G$5:$G$12,MATCH($D57,등급!$A$5:$A$12,0))&"~"&INDEX(등급!$H$5:$H$12,MATCH($D57,등급!$A$5:$A$12,0))&"칸")) -> - | M57: =IF(INDEX(등급!$J$5:$J$12,MATCH($D57,등급!$A$5:$A$12,0))=0,"-",IF(INDEX(등급!$I$5:$I$12,MATCH($D57,등급!$A$5:$A$12,0))=INDEX(등급!$J$5:$J$12,MATCH($D57,등급!$A$5:$A$12,0)),INDEX(등급!$I$5:$I$12,MATCH($D57,등급!$A$5:$A$12,0))&"개",INDEX(등급!$I$5:$I$12,MATCH($D57,등급!$A$5:$A$12,0))&"~"&INDEX(등급!$J$5:$J$12,MATCH($D57,등급!$A$5:$A$12,0))&"개")) -> - | N57: =IF(INDEX(등급!$L$5:$L$12,MATCH($D57,등급!$A$5:$A$12,0))=0,"-",INDEX(등급!$K$5:$K$12,MATCH($D57,등급!$A$5:$A$12,0))&"~"&INDEX(등급!$L$5:$L$12,MATCH($D57,등급!$A$5:$A$12,0))&"개") -> -
A58: =장비_기본!B11 -> 불굴의 소울 메달 | B58: =장비_기본!C11 -> 소울 메달 | C58: =장비_기본!D11 -> 탱커 | D58: UR | E58: =장비_기본!F11 -> 받는 피해 감소 | F58: =장비_기본!G11*INDEX(등급!$C$5:$C$12,MATCH($D58,등급!$A$5:$A$12,0)) -> 0.0366 | G58: =장비_기본!H11 -> ① 스킬 위력 | H58: =장비_기본!I11*INDEX(등급!$C$5:$C$12,MATCH($D58,등급!$A$5:$A$12,0)) -> 0.305 | I58: - | K58: =INDEX(등급!$D$5:$D$12,MATCH($D58,등급!$A$5:$A$12,0)) -> 4 | L58: =IF(INDEX(등급!$H$5:$H$12,MATCH($D58,등급!$A$5:$A$12,0))=0,"-",IF(INDEX(등급!$G$5:$G$12,MATCH($D58,등급!$A$5:$A$12,0))=INDEX(등급!$H$5:$H$12,MATCH($D58,등급!$A$5:$A$12,0)),INDEX(등급!$G$5:$G$12,MATCH($D58,등급!$A$5:$A$12,0))&"칸",INDEX(등급!$G$5:$G$12,MATCH($D58,등급!$A$5:$A$12,0))&"~"&INDEX(등급!$H$5:$H$12,MATCH($D58,등급!$A$5:$A$12,0))&"칸")) -> - | M58: =IF(INDEX(등급!$J$5:$J$12,MATCH($D58,등급!$A$5:$A$12,0))=0,"-",IF(INDEX(등급!$I$5:$I$12,MATCH($D58,등급!$A$5:$A$12,0))=INDEX(등급!$J$5:$J$12,MATCH($D58,등급!$A$5:$A$12,0)),INDEX(등급!$I$5:$I$12,MATCH($D58,등급!$A$5:$A$12,0))&"개",INDEX(등급!$I$5:$I$12,MATCH($D58,등급!$A$5:$A$12,0))&"~"&INDEX(등급!$J$5:$J$12,MATCH($D58,등급!$A$5:$A$12,0))&"개")) -> - | N58: =IF(INDEX(등급!$L$5:$L$12,MATCH($D58,등급!$A$5:$A$12,0))=0,"-",INDEX(등급!$K$5:$K$12,MATCH($D58,등급!$A$5:$A$12,0))&"~"&INDEX(등급!$L$5:$L$12,MATCH($D58,등급!$A$5:$A$12,0))&"개") -> -
A59: =장비_기본!B11 -> 불굴의 소울 메달 | B59: =장비_기본!C11 -> 소울 메달 | C59: =장비_기본!D11 -> 탱커 | D59: L | E59: =장비_기본!F11 -> 받는 피해 감소 | F59: =장비_기본!G11*INDEX(등급!$C$5:$C$12,MATCH($D59,등급!$A$5:$A$12,0)) -> 0.0384 | G59: =장비_기본!H11 -> ① 스킬 위력 | H59: =장비_기본!I11*INDEX(등급!$C$5:$C$12,MATCH($D59,등급!$A$5:$A$12,0)) -> 0.32 | I59: - | K59: =INDEX(등급!$D$5:$D$12,MATCH($D59,등급!$A$5:$A$12,0)) -> 4 | L59: =IF(INDEX(등급!$H$5:$H$12,MATCH($D59,등급!$A$5:$A$12,0))=0,"-",IF(INDEX(등급!$G$5:$G$12,MATCH($D59,등급!$A$5:$A$12,0))=INDEX(등급!$H$5:$H$12,MATCH($D59,등급!$A$5:$A$12,0)),INDEX(등급!$G$5:$G$12,MATCH($D59,등급!$A$5:$A$12,0))&"칸",INDEX(등급!$G$5:$G$12,MATCH($D59,등급!$A$5:$A$12,0))&"~"&INDEX(등급!$H$5:$H$12,MATCH($D59,등급!$A$5:$A$12,0))&"칸")) -> 1칸 | M59: =IF(INDEX(등급!$J$5:$J$12,MATCH($D59,등급!$A$5:$A$12,0))=0,"-",IF(INDEX(등급!$I$5:$I$12,MATCH($D59,등급!$A$5:$A$12,0))=INDEX(등급!$J$5:$J$12,MATCH($D59,등급!$A$5:$A$12,0)),INDEX(등급!$I$5:$I$12,MATCH($D59,등급!$A$5:$A$12,0))&"개",INDEX(등급!$I$5:$I$12,MATCH($D59,등급!$A$5:$A$12,0))&"~"&INDEX(등급!$J$5:$J$12,MATCH($D59,등급!$A$5:$A$12,0))&"개")) -> 0~1개 | N59: =IF(INDEX(등급!$L$5:$L$12,MATCH($D59,등급!$A$5:$A$12,0))=0,"-",INDEX(등급!$K$5:$K$12,MATCH($D59,등급!$A$5:$A$12,0))&"~"&INDEX(등급!$L$5:$L$12,MATCH($D59,등급!$A$5:$A$12,0))&"개") -> 0~1개
A60: =장비_기본!B11 -> 불굴의 소울 메달 | B60: =장비_기본!C11 -> 소울 메달 | C60: =장비_기본!D11 -> 탱커 | D60: E | E60: =장비_기본!F11 -> 받는 피해 감소 | F60: =장비_기본!G11*INDEX(등급!$C$5:$C$12,MATCH($D60,등급!$A$5:$A$12,0)) -> 0.0396 | G60: =장비_기본!H11 -> ① 스킬 위력 | H60: =장비_기본!I11*INDEX(등급!$C$5:$C$12,MATCH($D60,등급!$A$5:$A$12,0)) -> 0.33 | I60: - | K60: =INDEX(등급!$D$5:$D$12,MATCH($D60,등급!$A$5:$A$12,0)) -> 4 | L60: =IF(INDEX(등급!$H$5:$H$12,MATCH($D60,등급!$A$5:$A$12,0))=0,"-",IF(INDEX(등급!$G$5:$G$12,MATCH($D60,등급!$A$5:$A$12,0))=INDEX(등급!$H$5:$H$12,MATCH($D60,등급!$A$5:$A$12,0)),INDEX(등급!$G$5:$G$12,MATCH($D60,등급!$A$5:$A$12,0))&"칸",INDEX(등급!$G$5:$G$12,MATCH($D60,등급!$A$5:$A$12,0))&"~"&INDEX(등급!$H$5:$H$12,MATCH($D60,등급!$A$5:$A$12,0))&"칸")) -> 1~3칸 | M60: =IF(INDEX(등급!$J$5:$J$12,MATCH($D60,등급!$A$5:$A$12,0))=0,"-",IF(INDEX(등급!$I$5:$I$12,MATCH($D60,등급!$A$5:$A$12,0))=INDEX(등급!$J$5:$J$12,MATCH($D60,등급!$A$5:$A$12,0)),INDEX(등급!$I$5:$I$12,MATCH($D60,등급!$A$5:$A$12,0))&"개",INDEX(등급!$I$5:$I$12,MATCH($D60,등급!$A$5:$A$12,0))&"~"&INDEX(등급!$J$5:$J$12,MATCH($D60,등급!$A$5:$A$12,0))&"개")) -> 1개 | N60: =IF(INDEX(등급!$L$5:$L$12,MATCH($D60,등급!$A$5:$A$12,0))=0,"-",INDEX(등급!$K$5:$K$12,MATCH($D60,등급!$A$5:$A$12,0))&"~"&INDEX(등급!$L$5:$L$12,MATCH($D60,등급!$A$5:$A$12,0))&"개") -> 0~2개
A61: =장비_기본!B12 -> 수호성의 소울 메달 | B61: =장비_기본!C12 -> 소울 메달 | C61: =장비_기본!D12 -> 탱커 | D61: UC | E61: =장비_기본!F12 -> 받는 피해 감소 | F61: =장비_기본!G12*INDEX(등급!$C$5:$C$12,MATCH($D61,등급!$A$5:$A$12,0)) -> 0.012 | G61: =장비_기본!H12 -> ② 스킬 위력 | H61: =장비_기본!I12*INDEX(등급!$C$5:$C$12,MATCH($D61,등급!$A$5:$A$12,0)) -> 0.1 | I61: - | K61: =INDEX(등급!$D$5:$D$12,MATCH($D61,등급!$A$5:$A$12,0)) -> 0 | L61: =IF(INDEX(등급!$H$5:$H$12,MATCH($D61,등급!$A$5:$A$12,0))=0,"-",IF(INDEX(등급!$G$5:$G$12,MATCH($D61,등급!$A$5:$A$12,0))=INDEX(등급!$H$5:$H$12,MATCH($D61,등급!$A$5:$A$12,0)),INDEX(등급!$G$5:$G$12,MATCH($D61,등급!$A$5:$A$12,0))&"칸",INDEX(등급!$G$5:$G$12,MATCH($D61,등급!$A$5:$A$12,0))&"~"&INDEX(등급!$H$5:$H$12,MATCH($D61,등급!$A$5:$A$12,0))&"칸")) -> - | M61: =IF(INDEX(등급!$J$5:$J$12,MATCH($D61,등급!$A$5:$A$12,0))=0,"-",IF(INDEX(등급!$I$5:$I$12,MATCH($D61,등급!$A$5:$A$12,0))=INDEX(등급!$J$5:$J$12,MATCH($D61,등급!$A$5:$A$12,0)),INDEX(등급!$I$5:$I$12,MATCH($D61,등급!$A$5:$A$12,0))&"개",INDEX(등급!$I$5:$I$12,MATCH($D61,등급!$A$5:$A$12,0))&"~"&INDEX(등급!$J$5:$J$12,MATCH($D61,등급!$A$5:$A$12,0))&"개")) -> - | N61: =IF(INDEX(등급!$L$5:$L$12,MATCH($D61,등급!$A$5:$A$12,0))=0,"-",INDEX(등급!$K$5:$K$12,MATCH($D61,등급!$A$5:$A$12,0))&"~"&INDEX(등급!$L$5:$L$12,MATCH($D61,등급!$A$5:$A$12,0))&"개") -> -
A62: =장비_기본!B12 -> 수호성의 소울 메달 | B62: =장비_기본!C12 -> 소울 메달 | C62: =장비_기본!D12 -> 탱커 | D62: C | E62: =장비_기본!F12 -> 받는 피해 감소 | F62: =장비_기본!G12*INDEX(등급!$C$5:$C$12,MATCH($D62,등급!$A$5:$A$12,0)) -> 0.0174 | G62: =장비_기본!H12 -> ② 스킬 위력 | H62: =장비_기본!I12*INDEX(등급!$C$5:$C$12,MATCH($D62,등급!$A$5:$A$12,0)) -> 0.145 | I62: - | K62: =INDEX(등급!$D$5:$D$12,MATCH($D62,등급!$A$5:$A$12,0)) -> 0 | L62: =IF(INDEX(등급!$H$5:$H$12,MATCH($D62,등급!$A$5:$A$12,0))=0,"-",IF(INDEX(등급!$G$5:$G$12,MATCH($D62,등급!$A$5:$A$12,0))=INDEX(등급!$H$5:$H$12,MATCH($D62,등급!$A$5:$A$12,0)),INDEX(등급!$G$5:$G$12,MATCH($D62,등급!$A$5:$A$12,0))&"칸",INDEX(등급!$G$5:$G$12,MATCH($D62,등급!$A$5:$A$12,0))&"~"&INDEX(등급!$H$5:$H$12,MATCH($D62,등급!$A$5:$A$12,0))&"칸")) -> - | M62: =IF(INDEX(등급!$J$5:$J$12,MATCH($D62,등급!$A$5:$A$12,0))=0,"-",IF(INDEX(등급!$I$5:$I$12,MATCH($D62,등급!$A$5:$A$12,0))=INDEX(등급!$J$5:$J$12,MATCH($D62,등급!$A$5:$A$12,0)),INDEX(등급!$I$5:$I$12,MATCH($D62,등급!$A$5:$A$12,0))&"개",INDEX(등급!$I$5:$I$12,MATCH($D62,등급!$A$5:$A$12,0))&"~"&INDEX(등급!$J$5:$J$12,MATCH($D62,등급!$A$5:$A$12,0))&"개")) -> - | N62: =IF(INDEX(등급!$L$5:$L$12,MATCH($D62,등급!$A$5:$A$12,0))=0,"-",INDEX(등급!$K$5:$K$12,MATCH($D62,등급!$A$5:$A$12,0))&"~"&INDEX(등급!$L$5:$L$12,MATCH($D62,등급!$A$5:$A$12,0))&"개") -> -
A63: =장비_기본!B12 -> 수호성의 소울 메달 | B63: =장비_기본!C12 -> 소울 메달 | C63: =장비_기본!D12 -> 탱커 | D63: R | E63: =장비_기본!F12 -> 받는 피해 감소 | F63: =장비_기본!G12*INDEX(등급!$C$5:$C$12,MATCH($D63,등급!$A$5:$A$12,0)) -> 0.0204 | G63: =장비_기본!H12 -> ② 스킬 위력 | H63: =장비_기본!I12*INDEX(등급!$C$5:$C$12,MATCH($D63,등급!$A$5:$A$12,0)) -> 0.17 | I63: - | K63: =INDEX(등급!$D$5:$D$12,MATCH($D63,등급!$A$5:$A$12,0)) -> 1 | L63: =IF(INDEX(등급!$H$5:$H$12,MATCH($D63,등급!$A$5:$A$12,0))=0,"-",IF(INDEX(등급!$G$5:$G$12,MATCH($D63,등급!$A$5:$A$12,0))=INDEX(등급!$H$5:$H$12,MATCH($D63,등급!$A$5:$A$12,0)),INDEX(등급!$G$5:$G$12,MATCH($D63,등급!$A$5:$A$12,0))&"칸",INDEX(등급!$G$5:$G$12,MATCH($D63,등급!$A$5:$A$12,0))&"~"&INDEX(등급!$H$5:$H$12,MATCH($D63,등급!$A$5:$A$12,0))&"칸")) -> - | M63: =IF(INDEX(등급!$J$5:$J$12,MATCH($D63,등급!$A$5:$A$12,0))=0,"-",IF(INDEX(등급!$I$5:$I$12,MATCH($D63,등급!$A$5:$A$12,0))=INDEX(등급!$J$5:$J$12,MATCH($D63,등급!$A$5:$A$12,0)),INDEX(등급!$I$5:$I$12,MATCH($D63,등급!$A$5:$A$12,0))&"개",INDEX(등급!$I$5:$I$12,MATCH($D63,등급!$A$5:$A$12,0))&"~"&INDEX(등급!$J$5:$J$12,MATCH($D63,등급!$A$5:$A$12,0))&"개")) -> - | N63: =IF(INDEX(등급!$L$5:$L$12,MATCH($D63,등급!$A$5:$A$12,0))=0,"-",INDEX(등급!$K$5:$K$12,MATCH($D63,등급!$A$5:$A$12,0))&"~"&INDEX(등급!$L$5:$L$12,MATCH($D63,등급!$A$5:$A$12,0))&"개") -> -
A64: =장비_기본!B12 -> 수호성의 소울 메달 | B64: =장비_기본!C12 -> 소울 메달 | C64: =장비_기본!D12 -> 탱커 | D64: SR | E64: =장비_기본!F12 -> 받는 피해 감소 | F64: =장비_기본!G12*INDEX(등급!$C$5:$C$12,MATCH($D64,등급!$A$5:$A$12,0)) -> 0.0252 | G64: =장비_기본!H12 -> ② 스킬 위력 | H64: =장비_기본!I12*INDEX(등급!$C$5:$C$12,MATCH($D64,등급!$A$5:$A$12,0)) -> 0.21 | I64: - | K64: =INDEX(등급!$D$5:$D$12,MATCH($D64,등급!$A$5:$A$12,0)) -> 2 | L64: =IF(INDEX(등급!$H$5:$H$12,MATCH($D64,등급!$A$5:$A$12,0))=0,"-",IF(INDEX(등급!$G$5:$G$12,MATCH($D64,등급!$A$5:$A$12,0))=INDEX(등급!$H$5:$H$12,MATCH($D64,등급!$A$5:$A$12,0)),INDEX(등급!$G$5:$G$12,MATCH($D64,등급!$A$5:$A$12,0))&"칸",INDEX(등급!$G$5:$G$12,MATCH($D64,등급!$A$5:$A$12,0))&"~"&INDEX(등급!$H$5:$H$12,MATCH($D64,등급!$A$5:$A$12,0))&"칸")) -> - | M64: =IF(INDEX(등급!$J$5:$J$12,MATCH($D64,등급!$A$5:$A$12,0))=0,"-",IF(INDEX(등급!$I$5:$I$12,MATCH($D64,등급!$A$5:$A$12,0))=INDEX(등급!$J$5:$J$12,MATCH($D64,등급!$A$5:$A$12,0)),INDEX(등급!$I$5:$I$12,MATCH($D64,등급!$A$5:$A$12,0))&"개",INDEX(등급!$I$5:$I$12,MATCH($D64,등급!$A$5:$A$12,0))&"~"&INDEX(등급!$J$5:$J$12,MATCH($D64,등급!$A$5:$A$12,0))&"개")) -> - | N64: =IF(INDEX(등급!$L$5:$L$12,MATCH($D64,등급!$A$5:$A$12,0))=0,"-",INDEX(등급!$K$5:$K$12,MATCH($D64,등급!$A$5:$A$12,0))&"~"&INDEX(등급!$L$5:$L$12,MATCH($D64,등급!$A$5:$A$12,0))&"개") -> -
A65: =장비_기본!B12 -> 수호성의 소울 메달 | B65: =장비_기본!C12 -> 소울 메달 | C65: =장비_기본!D12 -> 탱커 | D65: SSR | E65: =장비_기본!F12 -> 받는 피해 감소 | F65: =장비_기본!G12*INDEX(등급!$C$5:$C$12,MATCH($D65,등급!$A$5:$A$12,0)) -> 0.0306 | G65: =장비_기본!H12 -> ② 스킬 위력 | H65: =장비_기본!I12*INDEX(등급!$C$5:$C$12,MATCH($D65,등급!$A$5:$A$12,0)) -> 0.255 | I65: - | K65: =INDEX(등급!$D$5:$D$12,MATCH($D65,등급!$A$5:$A$12,0)) -> 3 | L65: =IF(INDEX(등급!$H$5:$H$12,MATCH($D65,등급!$A$5:$A$12,0))=0,"-",IF(INDEX(등급!$G$5:$G$12,MATCH($D65,등급!$A$5:$A$12,0))=INDEX(등급!$H$5:$H$12,MATCH($D65,등급!$A$5:$A$12,0)),INDEX(등급!$G$5:$G$12,MATCH($D65,등급!$A$5:$A$12,0))&"칸",INDEX(등급!$G$5:$G$12,MATCH($D65,등급!$A$5:$A$12,0))&"~"&INDEX(등급!$H$5:$H$12,MATCH($D65,등급!$A$5:$A$12,0))&"칸")) -> - | M65: =IF(INDEX(등급!$J$5:$J$12,MATCH($D65,등급!$A$5:$A$12,0))=0,"-",IF(INDEX(등급!$I$5:$I$12,MATCH($D65,등급!$A$5:$A$12,0))=INDEX(등급!$J$5:$J$12,MATCH($D65,등급!$A$5:$A$12,0)),INDEX(등급!$I$5:$I$12,MATCH($D65,등급!$A$5:$A$12,0))&"개",INDEX(등급!$I$5:$I$12,MATCH($D65,등급!$A$5:$A$12,0))&"~"&INDEX(등급!$J$5:$J$12,MATCH($D65,등급!$A$5:$A$12,0))&"개")) -> - | N65: =IF(INDEX(등급!$L$5:$L$12,MATCH($D65,등급!$A$5:$A$12,0))=0,"-",INDEX(등급!$K$5:$K$12,MATCH($D65,등급!$A$5:$A$12,0))&"~"&INDEX(등급!$L$5:$L$12,MATCH($D65,등급!$A$5:$A$12,0))&"개") -> -
A66: =장비_기본!B12 -> 수호성의 소울 메달 | B66: =장비_기본!C12 -> 소울 메달 | C66: =장비_기본!D12 -> 탱커 | D66: UR | E66: =장비_기본!F12 -> 받는 피해 감소 | F66: =장비_기본!G12*INDEX(등급!$C$5:$C$12,MATCH($D66,등급!$A$5:$A$12,0)) -> 0.0366 | G66: =장비_기본!H12 -> ② 스킬 위력 | H66: =장비_기본!I12*INDEX(등급!$C$5:$C$12,MATCH($D66,등급!$A$5:$A$12,0)) -> 0.305 | I66: - | K66: =INDEX(등급!$D$5:$D$12,MATCH($D66,등급!$A$5:$A$12,0)) -> 4 | L66: =IF(INDEX(등급!$H$5:$H$12,MATCH($D66,등급!$A$5:$A$12,0))=0,"-",IF(INDEX(등급!$G$5:$G$12,MATCH($D66,등급!$A$5:$A$12,0))=INDEX(등급!$H$5:$H$12,MATCH($D66,등급!$A$5:$A$12,0)),INDEX(등급!$G$5:$G$12,MATCH($D66,등급!$A$5:$A$12,0))&"칸",INDEX(등급!$G$5:$G$12,MATCH($D66,등급!$A$5:$A$12,0))&"~"&INDEX(등급!$H$5:$H$12,MATCH($D66,등급!$A$5:$A$12,0))&"칸")) -> - | M66: =IF(INDEX(등급!$J$5:$J$12,MATCH($D66,등급!$A$5:$A$12,0))=0,"-",IF(INDEX(등급!$I$5:$I$12,MATCH($D66,등급!$A$5:$A$12,0))=INDEX(등급!$J$5:$J$12,MATCH($D66,등급!$A$5:$A$12,0)),INDEX(등급!$I$5:$I$12,MATCH($D66,등급!$A$5:$A$12,0))&"개",INDEX(등급!$I$5:$I$12,MATCH($D66,등급!$A$5:$A$12,0))&"~"&INDEX(등급!$J$5:$J$12,MATCH($D66,등급!$A$5:$A$12,0))&"개")) -> - | N66: =IF(INDEX(등급!$L$5:$L$12,MATCH($D66,등급!$A$5:$A$12,0))=0,"-",INDEX(등급!$K$5:$K$12,MATCH($D66,등급!$A$5:$A$12,0))&"~"&INDEX(등급!$L$5:$L$12,MATCH($D66,등급!$A$5:$A$12,0))&"개") -> -
A67: =장비_기본!B12 -> 수호성의 소울 메달 | B67: =장비_기본!C12 -> 소울 메달 | C67: =장비_기본!D12 -> 탱커 | D67: L | E67: =장비_기본!F12 -> 받는 피해 감소 | F67: =장비_기본!G12*INDEX(등급!$C$5:$C$12,MATCH($D67,등급!$A$5:$A$12,0)) -> 0.0384 | G67: =장비_기본!H12 -> ② 스킬 위력 | H67: =장비_기본!I12*INDEX(등급!$C$5:$C$12,MATCH($D67,등급!$A$5:$A$12,0)) -> 0.32 | I67: - | K67: =INDEX(등급!$D$5:$D$12,MATCH($D67,등급!$A$5:$A$12,0)) -> 4 | L67: =IF(INDEX(등급!$H$5:$H$12,MATCH($D67,등급!$A$5:$A$12,0))=0,"-",IF(INDEX(등급!$G$5:$G$12,MATCH($D67,등급!$A$5:$A$12,0))=INDEX(등급!$H$5:$H$12,MATCH($D67,등급!$A$5:$A$12,0)),INDEX(등급!$G$5:$G$12,MATCH($D67,등급!$A$5:$A$12,0))&"칸",INDEX(등급!$G$5:$G$12,MATCH($D67,등급!$A$5:$A$12,0))&"~"&INDEX(등급!$H$5:$H$12,MATCH($D67,등급!$A$5:$A$12,0))&"칸")) -> 1칸 | M67: =IF(INDEX(등급!$J$5:$J$12,MATCH($D67,등급!$A$5:$A$12,0))=0,"-",IF(INDEX(등급!$I$5:$I$12,MATCH($D67,등급!$A$5:$A$12,0))=INDEX(등급!$J$5:$J$12,MATCH($D67,등급!$A$5:$A$12,0)),INDEX(등급!$I$5:$I$12,MATCH($D67,등급!$A$5:$A$12,0))&"개",INDEX(등급!$I$5:$I$12,MATCH($D67,등급!$A$5:$A$12,0))&"~"&INDEX(등급!$J$5:$J$12,MATCH($D67,등급!$A$5:$A$12,0))&"개")) -> 0~1개 | N67: =IF(INDEX(등급!$L$5:$L$12,MATCH($D67,등급!$A$5:$A$12,0))=0,"-",INDEX(등급!$K$5:$K$12,MATCH($D67,등급!$A$5:$A$12,0))&"~"&INDEX(등급!$L$5:$L$12,MATCH($D67,등급!$A$5:$A$12,0))&"개") -> 0~1개
A68: =장비_기본!B12 -> 수호성의 소울 메달 | B68: =장비_기본!C12 -> 소울 메달 | C68: =장비_기본!D12 -> 탱커 | D68: E | E68: =장비_기본!F12 -> 받는 피해 감소 | F68: =장비_기본!G12*INDEX(등급!$C$5:$C$12,MATCH($D68,등급!$A$5:$A$12,0)) -> 0.0396 | G68: =장비_기본!H12 -> ② 스킬 위력 | H68: =장비_기본!I12*INDEX(등급!$C$5:$C$12,MATCH($D68,등급!$A$5:$A$12,0)) -> 0.33 | I68: - | K68: =INDEX(등급!$D$5:$D$12,MATCH($D68,등급!$A$5:$A$12,0)) -> 4 | L68: =IF(INDEX(등급!$H$5:$H$12,MATCH($D68,등급!$A$5:$A$12,0))=0,"-",IF(INDEX(등급!$G$5:$G$12,MATCH($D68,등급!$A$5:$A$12,0))=INDEX(등급!$H$5:$H$12,MATCH($D68,등급!$A$5:$A$12,0)),INDEX(등급!$G$5:$G$12,MATCH($D68,등급!$A$5:$A$12,0))&"칸",INDEX(등급!$G$5:$G$12,MATCH($D68,등급!$A$5:$A$12,0))&"~"&INDEX(등급!$H$5:$H$12,MATCH($D68,등급!$A$5:$A$12,0))&"칸")) -> 1~3칸 | M68: =IF(INDEX(등급!$J$5:$J$12,MATCH($D68,등급!$A$5:$A$12,0))=0,"-",IF(INDEX(등급!$I$5:$I$12,MATCH($D68,등급!$A$5:$A$12,0))=INDEX(등급!$J$5:$J$12,MATCH($D68,등급!$A$5:$A$12,0)),INDEX(등급!$I$5:$I$12,MATCH($D68,등급!$A$5:$A$12,0))&"개",INDEX(등급!$I$5:$I$12,MATCH($D68,등급!$A$5:$A$12,0))&"~"&INDEX(등급!$J$5:$J$12,MATCH($D68,등급!$A$5:$A$12,0))&"개")) -> 1개 | N68: =IF(INDEX(등급!$L$5:$L$12,MATCH($D68,등급!$A$5:$A$12,0))=0,"-",INDEX(등급!$K$5:$K$12,MATCH($D68,등급!$A$5:$A$12,0))&"~"&INDEX(등급!$L$5:$L$12,MATCH($D68,등급!$A$5:$A$12,0))&"개") -> 0~2개
A69: =장비_기본!B13 -> 바람의 쌍검 | B69: =장비_기본!C13 -> 무기 | C69: =장비_기본!D13 -> 근딜 | D69: UC | E69: =장비_기본!F13 -> 공격력 | F69: =장비_기본!G13*INDEX(등급!$C$5:$C$12,MATCH($D69,등급!$A$5:$A$12,0)) -> 4 | G69: =장비_기본!H13 -> 치명타 피해 | H69: =장비_기본!I13*INDEX(등급!$C$5:$C$12,MATCH($D69,등급!$A$5:$A$12,0)) -> 0.03 | I69: =장비_기본!J13 -> ① 급소 베기 출혈 피해 +[값]% | J69: =ROUND(장비_기본!K13*INDEX(등급!$F$5:$F$12,MATCH($D69,등급!$A$5:$A$12,0)),1) -> 10 | K69: =INDEX(등급!$D$5:$D$12,MATCH($D69,등급!$A$5:$A$12,0)) -> 0 | L69: =IF(INDEX(등급!$H$5:$H$12,MATCH($D69,등급!$A$5:$A$12,0))=0,"-",IF(INDEX(등급!$G$5:$G$12,MATCH($D69,등급!$A$5:$A$12,0))=INDEX(등급!$H$5:$H$12,MATCH($D69,등급!$A$5:$A$12,0)),INDEX(등급!$G$5:$G$12,MATCH($D69,등급!$A$5:$A$12,0))&"칸",INDEX(등급!$G$5:$G$12,MATCH($D69,등급!$A$5:$A$12,0))&"~"&INDEX(등급!$H$5:$H$12,MATCH($D69,등급!$A$5:$A$12,0))&"칸")) -> - | M69: =IF(INDEX(등급!$J$5:$J$12,MATCH($D69,등급!$A$5:$A$12,0))=0,"-",IF(INDEX(등급!$I$5:$I$12,MATCH($D69,등급!$A$5:$A$12,0))=INDEX(등급!$J$5:$J$12,MATCH($D69,등급!$A$5:$A$12,0)),INDEX(등급!$I$5:$I$12,MATCH($D69,등급!$A$5:$A$12,0))&"개",INDEX(등급!$I$5:$I$12,MATCH($D69,등급!$A$5:$A$12,0))&"~"&INDEX(등급!$J$5:$J$12,MATCH($D69,등급!$A$5:$A$12,0))&"개")) -> - | N69: =IF(INDEX(등급!$L$5:$L$12,MATCH($D69,등급!$A$5:$A$12,0))=0,"-",INDEX(등급!$K$5:$K$12,MATCH($D69,등급!$A$5:$A$12,0))&"~"&INDEX(등급!$L$5:$L$12,MATCH($D69,등급!$A$5:$A$12,0))&"개") -> -
A70: =장비_기본!B13 -> 바람의 쌍검 | B70: =장비_기본!C13 -> 무기 | C70: =장비_기본!D13 -> 근딜 | D70: C | E70: =장비_기본!F13 -> 공격력 | F70: =장비_기본!G13*INDEX(등급!$C$5:$C$12,MATCH($D70,등급!$A$5:$A$12,0)) -> 5.8 | G70: =장비_기본!H13 -> 치명타 피해 | H70: =장비_기본!I13*INDEX(등급!$C$5:$C$12,MATCH($D70,등급!$A$5:$A$12,0)) -> 0.0435 | I70: =장비_기본!J13 -> ① 급소 베기 출혈 피해 +[값]% | J70: =ROUND(장비_기본!K13*INDEX(등급!$F$5:$F$12,MATCH($D70,등급!$A$5:$A$12,0)),1) -> 13.5 | K70: =INDEX(등급!$D$5:$D$12,MATCH($D70,등급!$A$5:$A$12,0)) -> 0 | L70: =IF(INDEX(등급!$H$5:$H$12,MATCH($D70,등급!$A$5:$A$12,0))=0,"-",IF(INDEX(등급!$G$5:$G$12,MATCH($D70,등급!$A$5:$A$12,0))=INDEX(등급!$H$5:$H$12,MATCH($D70,등급!$A$5:$A$12,0)),INDEX(등급!$G$5:$G$12,MATCH($D70,등급!$A$5:$A$12,0))&"칸",INDEX(등급!$G$5:$G$12,MATCH($D70,등급!$A$5:$A$12,0))&"~"&INDEX(등급!$H$5:$H$12,MATCH($D70,등급!$A$5:$A$12,0))&"칸")) -> - | M70: =IF(INDEX(등급!$J$5:$J$12,MATCH($D70,등급!$A$5:$A$12,0))=0,"-",IF(INDEX(등급!$I$5:$I$12,MATCH($D70,등급!$A$5:$A$12,0))=INDEX(등급!$J$5:$J$12,MATCH($D70,등급!$A$5:$A$12,0)),INDEX(등급!$I$5:$I$12,MATCH($D70,등급!$A$5:$A$12,0))&"개",INDEX(등급!$I$5:$I$12,MATCH($D70,등급!$A$5:$A$12,0))&"~"&INDEX(등급!$J$5:$J$12,MATCH($D70,등급!$A$5:$A$12,0))&"개")) -> - | N70: =IF(INDEX(등급!$L$5:$L$12,MATCH($D70,등급!$A$5:$A$12,0))=0,"-",INDEX(등급!$K$5:$K$12,MATCH($D70,등급!$A$5:$A$12,0))&"~"&INDEX(등급!$L$5:$L$12,MATCH($D70,등급!$A$5:$A$12,0))&"개") -> -
A71: =장비_기본!B13 -> 바람의 쌍검 | B71: =장비_기본!C13 -> 무기 | C71: =장비_기본!D13 -> 근딜 | D71: R | E71: =장비_기본!F13 -> 공격력 | F71: =장비_기본!G13*INDEX(등급!$C$5:$C$12,MATCH($D71,등급!$A$5:$A$12,0)) -> 6.8 | G71: =장비_기본!H13 -> 치명타 피해 | H71: =장비_기본!I13*INDEX(등급!$C$5:$C$12,MATCH($D71,등급!$A$5:$A$12,0)) -> 0.051 | I71: =장비_기본!J13 -> ① 급소 베기 출혈 피해 +[값]% | J71: =ROUND(장비_기본!K13*INDEX(등급!$F$5:$F$12,MATCH($D71,등급!$A$5:$A$12,0)),1) -> 15 | K71: =INDEX(등급!$D$5:$D$12,MATCH($D71,등급!$A$5:$A$12,0)) -> 1 | L71: =IF(INDEX(등급!$H$5:$H$12,MATCH($D71,등급!$A$5:$A$12,0))=0,"-",IF(INDEX(등급!$G$5:$G$12,MATCH($D71,등급!$A$5:$A$12,0))=INDEX(등급!$H$5:$H$12,MATCH($D71,등급!$A$5:$A$12,0)),INDEX(등급!$G$5:$G$12,MATCH($D71,등급!$A$5:$A$12,0))&"칸",INDEX(등급!$G$5:$G$12,MATCH($D71,등급!$A$5:$A$12,0))&"~"&INDEX(등급!$H$5:$H$12,MATCH($D71,등급!$A$5:$A$12,0))&"칸")) -> - | M71: =IF(INDEX(등급!$J$5:$J$12,MATCH($D71,등급!$A$5:$A$12,0))=0,"-",IF(INDEX(등급!$I$5:$I$12,MATCH($D71,등급!$A$5:$A$12,0))=INDEX(등급!$J$5:$J$12,MATCH($D71,등급!$A$5:$A$12,0)),INDEX(등급!$I$5:$I$12,MATCH($D71,등급!$A$5:$A$12,0))&"개",INDEX(등급!$I$5:$I$12,MATCH($D71,등급!$A$5:$A$12,0))&"~"&INDEX(등급!$J$5:$J$12,MATCH($D71,등급!$A$5:$A$12,0))&"개")) -> - | N71: =IF(INDEX(등급!$L$5:$L$12,MATCH($D71,등급!$A$5:$A$12,0))=0,"-",INDEX(등급!$K$5:$K$12,MATCH($D71,등급!$A$5:$A$12,0))&"~"&INDEX(등급!$L$5:$L$12,MATCH($D71,등급!$A$5:$A$12,0))&"개") -> -
A72: =장비_기본!B13 -> 바람의 쌍검 | B72: =장비_기본!C13 -> 무기 | C72: =장비_기본!D13 -> 근딜 | D72: SR | E72: =장비_기본!F13 -> 공격력 | F72: =장비_기본!G13*INDEX(등급!$C$5:$C$12,MATCH($D72,등급!$A$5:$A$12,0)) -> 8.4 | G72: =장비_기본!H13 -> 치명타 피해 | H72: =장비_기본!I13*INDEX(등급!$C$5:$C$12,MATCH($D72,등급!$A$5:$A$12,0)) -> 0.063 | I72: =장비_기본!J13 -> ① 급소 베기 출혈 피해 +[값]% | J72: =ROUND(장비_기본!K13*INDEX(등급!$F$5:$F$12,MATCH($D72,등급!$A$5:$A$12,0)),1) -> 17.5 | K72: =INDEX(등급!$D$5:$D$12,MATCH($D72,등급!$A$5:$A$12,0)) -> 2 | L72: =IF(INDEX(등급!$H$5:$H$12,MATCH($D72,등급!$A$5:$A$12,0))=0,"-",IF(INDEX(등급!$G$5:$G$12,MATCH($D72,등급!$A$5:$A$12,0))=INDEX(등급!$H$5:$H$12,MATCH($D72,등급!$A$5:$A$12,0)),INDEX(등급!$G$5:$G$12,MATCH($D72,등급!$A$5:$A$12,0))&"칸",INDEX(등급!$G$5:$G$12,MATCH($D72,등급!$A$5:$A$12,0))&"~"&INDEX(등급!$H$5:$H$12,MATCH($D72,등급!$A$5:$A$12,0))&"칸")) -> - | M72: =IF(INDEX(등급!$J$5:$J$12,MATCH($D72,등급!$A$5:$A$12,0))=0,"-",IF(INDEX(등급!$I$5:$I$12,MATCH($D72,등급!$A$5:$A$12,0))=INDEX(등급!$J$5:$J$12,MATCH($D72,등급!$A$5:$A$12,0)),INDEX(등급!$I$5:$I$12,MATCH($D72,등급!$A$5:$A$12,0))&"개",INDEX(등급!$I$5:$I$12,MATCH($D72,등급!$A$5:$A$12,0))&"~"&INDEX(등급!$J$5:$J$12,MATCH($D72,등급!$A$5:$A$12,0))&"개")) -> - | N72: =IF(INDEX(등급!$L$5:$L$12,MATCH($D72,등급!$A$5:$A$12,0))=0,"-",INDEX(등급!$K$5:$K$12,MATCH($D72,등급!$A$5:$A$12,0))&"~"&INDEX(등급!$L$5:$L$12,MATCH($D72,등급!$A$5:$A$12,0))&"개") -> -
A73: =장비_기본!B13 -> 바람의 쌍검 | B73: =장비_기본!C13 -> 무기 | C73: =장비_기본!D13 -> 근딜 | D73: SSR | E73: =장비_기본!F13 -> 공격력 | F73: =장비_기본!G13*INDEX(등급!$C$5:$C$12,MATCH($D73,등급!$A$5:$A$12,0)) -> 10.2 | G73: =장비_기본!H13 -> 치명타 피해 | H73: =장비_기본!I13*INDEX(등급!$C$5:$C$12,MATCH($D73,등급!$A$5:$A$12,0)) -> 0.0765 | I73: =장비_기본!J13 -> ① 급소 베기 출혈 피해 +[값]% | J73: =ROUND(장비_기본!K13*INDEX(등급!$F$5:$F$12,MATCH($D73,등급!$A$5:$A$12,0)),1) -> 20 | K73: =INDEX(등급!$D$5:$D$12,MATCH($D73,등급!$A$5:$A$12,0)) -> 3 | L73: =IF(INDEX(등급!$H$5:$H$12,MATCH($D73,등급!$A$5:$A$12,0))=0,"-",IF(INDEX(등급!$G$5:$G$12,MATCH($D73,등급!$A$5:$A$12,0))=INDEX(등급!$H$5:$H$12,MATCH($D73,등급!$A$5:$A$12,0)),INDEX(등급!$G$5:$G$12,MATCH($D73,등급!$A$5:$A$12,0))&"칸",INDEX(등급!$G$5:$G$12,MATCH($D73,등급!$A$5:$A$12,0))&"~"&INDEX(등급!$H$5:$H$12,MATCH($D73,등급!$A$5:$A$12,0))&"칸")) -> - | M73: =IF(INDEX(등급!$J$5:$J$12,MATCH($D73,등급!$A$5:$A$12,0))=0,"-",IF(INDEX(등급!$I$5:$I$12,MATCH($D73,등급!$A$5:$A$12,0))=INDEX(등급!$J$5:$J$12,MATCH($D73,등급!$A$5:$A$12,0)),INDEX(등급!$I$5:$I$12,MATCH($D73,등급!$A$5:$A$12,0))&"개",INDEX(등급!$I$5:$I$12,MATCH($D73,등급!$A$5:$A$12,0))&"~"&INDEX(등급!$J$5:$J$12,MATCH($D73,등급!$A$5:$A$12,0))&"개")) -> - | N73: =IF(INDEX(등급!$L$5:$L$12,MATCH($D73,등급!$A$5:$A$12,0))=0,"-",INDEX(등급!$K$5:$K$12,MATCH($D73,등급!$A$5:$A$12,0))&"~"&INDEX(등급!$L$5:$L$12,MATCH($D73,등급!$A$5:$A$12,0))&"개") -> -
A74: =장비_기본!B13 -> 바람의 쌍검 | B74: =장비_기본!C13 -> 무기 | C74: =장비_기본!D13 -> 근딜 | D74: UR | E74: =장비_기본!F13 -> 공격력 | F74: =장비_기본!G13*INDEX(등급!$C$5:$C$12,MATCH($D74,등급!$A$5:$A$12,0)) -> 12.2 | G74: =장비_기본!H13 -> 치명타 피해 | H74: =장비_기본!I13*INDEX(등급!$C$5:$C$12,MATCH($D74,등급!$A$5:$A$12,0)) -> 0.0915 | I74: =장비_기본!J13 -> ① 급소 베기 출혈 피해 +[값]% | J74: =ROUND(장비_기본!K13*INDEX(등급!$F$5:$F$12,MATCH($D74,등급!$A$5:$A$12,0)),1) -> 23 | K74: =INDEX(등급!$D$5:$D$12,MATCH($D74,등급!$A$5:$A$12,0)) -> 4 | L74: =IF(INDEX(등급!$H$5:$H$12,MATCH($D74,등급!$A$5:$A$12,0))=0,"-",IF(INDEX(등급!$G$5:$G$12,MATCH($D74,등급!$A$5:$A$12,0))=INDEX(등급!$H$5:$H$12,MATCH($D74,등급!$A$5:$A$12,0)),INDEX(등급!$G$5:$G$12,MATCH($D74,등급!$A$5:$A$12,0))&"칸",INDEX(등급!$G$5:$G$12,MATCH($D74,등급!$A$5:$A$12,0))&"~"&INDEX(등급!$H$5:$H$12,MATCH($D74,등급!$A$5:$A$12,0))&"칸")) -> - | M74: =IF(INDEX(등급!$J$5:$J$12,MATCH($D74,등급!$A$5:$A$12,0))=0,"-",IF(INDEX(등급!$I$5:$I$12,MATCH($D74,등급!$A$5:$A$12,0))=INDEX(등급!$J$5:$J$12,MATCH($D74,등급!$A$5:$A$12,0)),INDEX(등급!$I$5:$I$12,MATCH($D74,등급!$A$5:$A$12,0))&"개",INDEX(등급!$I$5:$I$12,MATCH($D74,등급!$A$5:$A$12,0))&"~"&INDEX(등급!$J$5:$J$12,MATCH($D74,등급!$A$5:$A$12,0))&"개")) -> - | N74: =IF(INDEX(등급!$L$5:$L$12,MATCH($D74,등급!$A$5:$A$12,0))=0,"-",INDEX(등급!$K$5:$K$12,MATCH($D74,등급!$A$5:$A$12,0))&"~"&INDEX(등급!$L$5:$L$12,MATCH($D74,등급!$A$5:$A$12,0))&"개") -> -
A75: =장비_기본!B13 -> 바람의 쌍검 | B75: =장비_기본!C13 -> 무기 | C75: =장비_기본!D13 -> 근딜 | D75: L | E75: =장비_기본!F13 -> 공격력 | F75: =장비_기본!G13*INDEX(등급!$C$5:$C$12,MATCH($D75,등급!$A$5:$A$12,0)) -> 12.8 | G75: =장비_기본!H13 -> 치명타 피해 | H75: =장비_기본!I13*INDEX(등급!$C$5:$C$12,MATCH($D75,등급!$A$5:$A$12,0)) -> 0.096 | I75: =장비_기본!J13 -> ① 급소 베기 출혈 피해 +[값]% | J75: =ROUND(장비_기본!K13*INDEX(등급!$F$5:$F$12,MATCH($D75,등급!$A$5:$A$12,0)),1) -> 26.5 | K75: =INDEX(등급!$D$5:$D$12,MATCH($D75,등급!$A$5:$A$12,0)) -> 4 | L75: =IF(INDEX(등급!$H$5:$H$12,MATCH($D75,등급!$A$5:$A$12,0))=0,"-",IF(INDEX(등급!$G$5:$G$12,MATCH($D75,등급!$A$5:$A$12,0))=INDEX(등급!$H$5:$H$12,MATCH($D75,등급!$A$5:$A$12,0)),INDEX(등급!$G$5:$G$12,MATCH($D75,등급!$A$5:$A$12,0))&"칸",INDEX(등급!$G$5:$G$12,MATCH($D75,등급!$A$5:$A$12,0))&"~"&INDEX(등급!$H$5:$H$12,MATCH($D75,등급!$A$5:$A$12,0))&"칸")) -> 1칸 | M75: =IF(INDEX(등급!$J$5:$J$12,MATCH($D75,등급!$A$5:$A$12,0))=0,"-",IF(INDEX(등급!$I$5:$I$12,MATCH($D75,등급!$A$5:$A$12,0))=INDEX(등급!$J$5:$J$12,MATCH($D75,등급!$A$5:$A$12,0)),INDEX(등급!$I$5:$I$12,MATCH($D75,등급!$A$5:$A$12,0))&"개",INDEX(등급!$I$5:$I$12,MATCH($D75,등급!$A$5:$A$12,0))&"~"&INDEX(등급!$J$5:$J$12,MATCH($D75,등급!$A$5:$A$12,0))&"개")) -> 0~1개 | N75: =IF(INDEX(등급!$L$5:$L$12,MATCH($D75,등급!$A$5:$A$12,0))=0,"-",INDEX(등급!$K$5:$K$12,MATCH($D75,등급!$A$5:$A$12,0))&"~"&INDEX(등급!$L$5:$L$12,MATCH($D75,등급!$A$5:$A$12,0))&"개") -> 0~1개
A76: =장비_기본!B13 -> 바람의 쌍검 | B76: =장비_기본!C13 -> 무기 | C76: =장비_기본!D13 -> 근딜 | D76: E | E76: =장비_기본!F13 -> 공격력 | F76: =장비_기본!G13*INDEX(등급!$C$5:$C$12,MATCH($D76,등급!$A$5:$A$12,0)) -> 13.2 | G76: =장비_기본!H13 -> 치명타 피해 | H76: =장비_기본!I13*INDEX(등급!$C$5:$C$12,MATCH($D76,등급!$A$5:$A$12,0)) -> 0.099 | I76: =장비_기본!J13 -> ① 급소 베기 출혈 피해 +[값]% | J76: =ROUND(장비_기본!K13*INDEX(등급!$F$5:$F$12,MATCH($D76,등급!$A$5:$A$12,0)),1) -> 30 | K76: =INDEX(등급!$D$5:$D$12,MATCH($D76,등급!$A$5:$A$12,0)) -> 4 | L76: =IF(INDEX(등급!$H$5:$H$12,MATCH($D76,등급!$A$5:$A$12,0))=0,"-",IF(INDEX(등급!$G$5:$G$12,MATCH($D76,등급!$A$5:$A$12,0))=INDEX(등급!$H$5:$H$12,MATCH($D76,등급!$A$5:$A$12,0)),INDEX(등급!$G$5:$G$12,MATCH($D76,등급!$A$5:$A$12,0))&"칸",INDEX(등급!$G$5:$G$12,MATCH($D76,등급!$A$5:$A$12,0))&"~"&INDEX(등급!$H$5:$H$12,MATCH($D76,등급!$A$5:$A$12,0))&"칸")) -> 1~3칸 | M76: =IF(INDEX(등급!$J$5:$J$12,MATCH($D76,등급!$A$5:$A$12,0))=0,"-",IF(INDEX(등급!$I$5:$I$12,MATCH($D76,등급!$A$5:$A$12,0))=INDEX(등급!$J$5:$J$12,MATCH($D76,등급!$A$5:$A$12,0)),INDEX(등급!$I$5:$I$12,MATCH($D76,등급!$A$5:$A$12,0))&"개",INDEX(등급!$I$5:$I$12,MATCH($D76,등급!$A$5:$A$12,0))&"~"&INDEX(등급!$J$5:$J$12,MATCH($D76,등급!$A$5:$A$12,0))&"개")) -> 1개 | N76: =IF(INDEX(등급!$L$5:$L$12,MATCH($D76,등급!$A$5:$A$12,0))=0,"-",INDEX(등급!$K$5:$K$12,MATCH($D76,등급!$A$5:$A$12,0))&"~"&INDEX(등급!$L$5:$L$12,MATCH($D76,등급!$A$5:$A$12,0))&"개") -> 0~2개
A77: =장비_기본!B14 -> 파쇄자의 대검 | B77: =장비_기본!C14 -> 무기 | C77: =장비_기본!D14 -> 근딜 | D77: UC | E77: =장비_기본!F14 -> 공격력 | F77: =장비_기본!G14*INDEX(등급!$C$5:$C$12,MATCH($D77,등급!$A$5:$A$12,0)) -> 4 | G77: =장비_기본!H14 -> 치명타 피해 | H77: =장비_기본!I14*INDEX(등급!$C$5:$C$12,MATCH($D77,등급!$A$5:$A$12,0)) -> 0.03 | I77: =장비_기본!J14 -> 그로기 적에게 피해 +[값]% | J77: =ROUND(장비_기본!K14*INDEX(등급!$F$5:$F$12,MATCH($D77,등급!$A$5:$A$12,0)),1) -> 8 | K77: =INDEX(등급!$D$5:$D$12,MATCH($D77,등급!$A$5:$A$12,0)) -> 0 | L77: =IF(INDEX(등급!$H$5:$H$12,MATCH($D77,등급!$A$5:$A$12,0))=0,"-",IF(INDEX(등급!$G$5:$G$12,MATCH($D77,등급!$A$5:$A$12,0))=INDEX(등급!$H$5:$H$12,MATCH($D77,등급!$A$5:$A$12,0)),INDEX(등급!$G$5:$G$12,MATCH($D77,등급!$A$5:$A$12,0))&"칸",INDEX(등급!$G$5:$G$12,MATCH($D77,등급!$A$5:$A$12,0))&"~"&INDEX(등급!$H$5:$H$12,MATCH($D77,등급!$A$5:$A$12,0))&"칸")) -> - | M77: =IF(INDEX(등급!$J$5:$J$12,MATCH($D77,등급!$A$5:$A$12,0))=0,"-",IF(INDEX(등급!$I$5:$I$12,MATCH($D77,등급!$A$5:$A$12,0))=INDEX(등급!$J$5:$J$12,MATCH($D77,등급!$A$5:$A$12,0)),INDEX(등급!$I$5:$I$12,MATCH($D77,등급!$A$5:$A$12,0))&"개",INDEX(등급!$I$5:$I$12,MATCH($D77,등급!$A$5:$A$12,0))&"~"&INDEX(등급!$J$5:$J$12,MATCH($D77,등급!$A$5:$A$12,0))&"개")) -> - | N77: =IF(INDEX(등급!$L$5:$L$12,MATCH($D77,등급!$A$5:$A$12,0))=0,"-",INDEX(등급!$K$5:$K$12,MATCH($D77,등급!$A$5:$A$12,0))&"~"&INDEX(등급!$L$5:$L$12,MATCH($D77,등급!$A$5:$A$12,0))&"개") -> -
A78: =장비_기본!B14 -> 파쇄자의 대검 | B78: =장비_기본!C14 -> 무기 | C78: =장비_기본!D14 -> 근딜 | D78: C | E78: =장비_기본!F14 -> 공격력 | F78: =장비_기본!G14*INDEX(등급!$C$5:$C$12,MATCH($D78,등급!$A$5:$A$12,0)) -> 5.8 | G78: =장비_기본!H14 -> 치명타 피해 | H78: =장비_기본!I14*INDEX(등급!$C$5:$C$12,MATCH($D78,등급!$A$5:$A$12,0)) -> 0.0435 | I78: =장비_기본!J14 -> 그로기 적에게 피해 +[값]% | J78: =ROUND(장비_기본!K14*INDEX(등급!$F$5:$F$12,MATCH($D78,등급!$A$5:$A$12,0)),1) -> 10.8 | K78: =INDEX(등급!$D$5:$D$12,MATCH($D78,등급!$A$5:$A$12,0)) -> 0 | L78: =IF(INDEX(등급!$H$5:$H$12,MATCH($D78,등급!$A$5:$A$12,0))=0,"-",IF(INDEX(등급!$G$5:$G$12,MATCH($D78,등급!$A$5:$A$12,0))=INDEX(등급!$H$5:$H$12,MATCH($D78,등급!$A$5:$A$12,0)),INDEX(등급!$G$5:$G$12,MATCH($D78,등급!$A$5:$A$12,0))&"칸",INDEX(등급!$G$5:$G$12,MATCH($D78,등급!$A$5:$A$12,0))&"~"&INDEX(등급!$H$5:$H$12,MATCH($D78,등급!$A$5:$A$12,0))&"칸")) -> - | M78: =IF(INDEX(등급!$J$5:$J$12,MATCH($D78,등급!$A$5:$A$12,0))=0,"-",IF(INDEX(등급!$I$5:$I$12,MATCH($D78,등급!$A$5:$A$12,0))=INDEX(등급!$J$5:$J$12,MATCH($D78,등급!$A$5:$A$12,0)),INDEX(등급!$I$5:$I$12,MATCH($D78,등급!$A$5:$A$12,0))&"개",INDEX(등급!$I$5:$I$12,MATCH($D78,등급!$A$5:$A$12,0))&"~"&INDEX(등급!$J$5:$J$12,MATCH($D78,등급!$A$5:$A$12,0))&"개")) -> - | N78: =IF(INDEX(등급!$L$5:$L$12,MATCH($D78,등급!$A$5:$A$12,0))=0,"-",INDEX(등급!$K$5:$K$12,MATCH($D78,등급!$A$5:$A$12,0))&"~"&INDEX(등급!$L$5:$L$12,MATCH($D78,등급!$A$5:$A$12,0))&"개") -> -
A79: =장비_기본!B14 -> 파쇄자의 대검 | B79: =장비_기본!C14 -> 무기 | C79: =장비_기본!D14 -> 근딜 | D79: R | E79: =장비_기본!F14 -> 공격력 | F79: =장비_기본!G14*INDEX(등급!$C$5:$C$12,MATCH($D79,등급!$A$5:$A$12,0)) -> 6.8 | G79: =장비_기본!H14 -> 치명타 피해 | H79: =장비_기본!I14*INDEX(등급!$C$5:$C$12,MATCH($D79,등급!$A$5:$A$12,0)) -> 0.051 | I79: =장비_기본!J14 -> 그로기 적에게 피해 +[값]% | J79: =ROUND(장비_기본!K14*INDEX(등급!$F$5:$F$12,MATCH($D79,등급!$A$5:$A$12,0)),1) -> 12 | K79: =INDEX(등급!$D$5:$D$12,MATCH($D79,등급!$A$5:$A$12,0)) -> 1 | L79: =IF(INDEX(등급!$H$5:$H$12,MATCH($D79,등급!$A$5:$A$12,0))=0,"-",IF(INDEX(등급!$G$5:$G$12,MATCH($D79,등급!$A$5:$A$12,0))=INDEX(등급!$H$5:$H$12,MATCH($D79,등급!$A$5:$A$12,0)),INDEX(등급!$G$5:$G$12,MATCH($D79,등급!$A$5:$A$12,0))&"칸",INDEX(등급!$G$5:$G$12,MATCH($D79,등급!$A$5:$A$12,0))&"~"&INDEX(등급!$H$5:$H$12,MATCH($D79,등급!$A$5:$A$12,0))&"칸")) -> - | M79: =IF(INDEX(등급!$J$5:$J$12,MATCH($D79,등급!$A$5:$A$12,0))=0,"-",IF(INDEX(등급!$I$5:$I$12,MATCH($D79,등급!$A$5:$A$12,0))=INDEX(등급!$J$5:$J$12,MATCH($D79,등급!$A$5:$A$12,0)),INDEX(등급!$I$5:$I$12,MATCH($D79,등급!$A$5:$A$12,0))&"개",INDEX(등급!$I$5:$I$12,MATCH($D79,등급!$A$5:$A$12,0))&"~"&INDEX(등급!$J$5:$J$12,MATCH($D79,등급!$A$5:$A$12,0))&"개")) -> - | N79: =IF(INDEX(등급!$L$5:$L$12,MATCH($D79,등급!$A$5:$A$12,0))=0,"-",INDEX(등급!$K$5:$K$12,MATCH($D79,등급!$A$5:$A$12,0))&"~"&INDEX(등급!$L$5:$L$12,MATCH($D79,등급!$A$5:$A$12,0))&"개") -> -
A80: =장비_기본!B14 -> 파쇄자의 대검 | B80: =장비_기본!C14 -> 무기 | C80: =장비_기본!D14 -> 근딜 | D80: SR | E80: =장비_기본!F14 -> 공격력 | F80: =장비_기본!G14*INDEX(등급!$C$5:$C$12,MATCH($D80,등급!$A$5:$A$12,0)) -> 8.4 | G80: =장비_기본!H14 -> 치명타 피해 | H80: =장비_기본!I14*INDEX(등급!$C$5:$C$12,MATCH($D80,등급!$A$5:$A$12,0)) -> 0.063 | I80: =장비_기본!J14 -> 그로기 적에게 피해 +[값]% | J80: =ROUND(장비_기본!K14*INDEX(등급!$F$5:$F$12,MATCH($D80,등급!$A$5:$A$12,0)),1) -> 14 | K80: =INDEX(등급!$D$5:$D$12,MATCH($D80,등급!$A$5:$A$12,0)) -> 2 | L80: =IF(INDEX(등급!$H$5:$H$12,MATCH($D80,등급!$A$5:$A$12,0))=0,"-",IF(INDEX(등급!$G$5:$G$12,MATCH($D80,등급!$A$5:$A$12,0))=INDEX(등급!$H$5:$H$12,MATCH($D80,등급!$A$5:$A$12,0)),INDEX(등급!$G$5:$G$12,MATCH($D80,등급!$A$5:$A$12,0))&"칸",INDEX(등급!$G$5:$G$12,MATCH($D80,등급!$A$5:$A$12,0))&"~"&INDEX(등급!$H$5:$H$12,MATCH($D80,등급!$A$5:$A$12,0))&"칸")) -> - | M80: =IF(INDEX(등급!$J$5:$J$12,MATCH($D80,등급!$A$5:$A$12,0))=0,"-",IF(INDEX(등급!$I$5:$I$12,MATCH($D80,등급!$A$5:$A$12,0))=INDEX(등급!$J$5:$J$12,MATCH($D80,등급!$A$5:$A$12,0)),INDEX(등급!$I$5:$I$12,MATCH($D80,등급!$A$5:$A$12,0))&"개",INDEX(등급!$I$5:$I$12,MATCH($D80,등급!$A$5:$A$12,0))&"~"&INDEX(등급!$J$5:$J$12,MATCH($D80,등급!$A$5:$A$12,0))&"개")) -> - | N80: =IF(INDEX(등급!$L$5:$L$12,MATCH($D80,등급!$A$5:$A$12,0))=0,"-",INDEX(등급!$K$5:$K$12,MATCH($D80,등급!$A$5:$A$12,0))&"~"&INDEX(등급!$L$5:$L$12,MATCH($D80,등급!$A$5:$A$12,0))&"개") -> -
A81: =장비_기본!B14 -> 파쇄자의 대검 | B81: =장비_기본!C14 -> 무기 | C81: =장비_기본!D14 -> 근딜 | D81: SSR | E81: =장비_기본!F14 -> 공격력 | F81: =장비_기본!G14*INDEX(등급!$C$5:$C$12,MATCH($D81,등급!$A$5:$A$12,0)) -> 10.2 | G81: =장비_기본!H14 -> 치명타 피해 | H81: =장비_기본!I14*INDEX(등급!$C$5:$C$12,MATCH($D81,등급!$A$5:$A$12,0)) -> 0.0765 | I81: =장비_기본!J14 -> 그로기 적에게 피해 +[값]% | J81: =ROUND(장비_기본!K14*INDEX(등급!$F$5:$F$12,MATCH($D81,등급!$A$5:$A$12,0)),1) -> 16 | K81: =INDEX(등급!$D$5:$D$12,MATCH($D81,등급!$A$5:$A$12,0)) -> 3 | L81: =IF(INDEX(등급!$H$5:$H$12,MATCH($D81,등급!$A$5:$A$12,0))=0,"-",IF(INDEX(등급!$G$5:$G$12,MATCH($D81,등급!$A$5:$A$12,0))=INDEX(등급!$H$5:$H$12,MATCH($D81,등급!$A$5:$A$12,0)),INDEX(등급!$G$5:$G$12,MATCH($D81,등급!$A$5:$A$12,0))&"칸",INDEX(등급!$G$5:$G$12,MATCH($D81,등급!$A$5:$A$12,0))&"~"&INDEX(등급!$H$5:$H$12,MATCH($D81,등급!$A$5:$A$12,0))&"칸")) -> - | M81: =IF(INDEX(등급!$J$5:$J$12,MATCH($D81,등급!$A$5:$A$12,0))=0,"-",IF(INDEX(등급!$I$5:$I$12,MATCH($D81,등급!$A$5:$A$12,0))=INDEX(등급!$J$5:$J$12,MATCH($D81,등급!$A$5:$A$12,0)),INDEX(등급!$I$5:$I$12,MATCH($D81,등급!$A$5:$A$12,0))&"개",INDEX(등급!$I$5:$I$12,MATCH($D81,등급!$A$5:$A$12,0))&"~"&INDEX(등급!$J$5:$J$12,MATCH($D81,등급!$A$5:$A$12,0))&"개")) -> - | N81: =IF(INDEX(등급!$L$5:$L$12,MATCH($D81,등급!$A$5:$A$12,0))=0,"-",INDEX(등급!$K$5:$K$12,MATCH($D81,등급!$A$5:$A$12,0))&"~"&INDEX(등급!$L$5:$L$12,MATCH($D81,등급!$A$5:$A$12,0))&"개") -> -
A82: =장비_기본!B14 -> 파쇄자의 대검 | B82: =장비_기본!C14 -> 무기 | C82: =장비_기본!D14 -> 근딜 | D82: UR | E82: =장비_기본!F14 -> 공격력 | F82: =장비_기본!G14*INDEX(등급!$C$5:$C$12,MATCH($D82,등급!$A$5:$A$12,0)) -> 12.2 | G82: =장비_기본!H14 -> 치명타 피해 | H82: =장비_기본!I14*INDEX(등급!$C$5:$C$12,MATCH($D82,등급!$A$5:$A$12,0)) -> 0.0915 | I82: =장비_기본!J14 -> 그로기 적에게 피해 +[값]% | J82: =ROUND(장비_기본!K14*INDEX(등급!$F$5:$F$12,MATCH($D82,등급!$A$5:$A$12,0)),1) -> 18.4 | K82: =INDEX(등급!$D$5:$D$12,MATCH($D82,등급!$A$5:$A$12,0)) -> 4 | L82: =IF(INDEX(등급!$H$5:$H$12,MATCH($D82,등급!$A$5:$A$12,0))=0,"-",IF(INDEX(등급!$G$5:$G$12,MATCH($D82,등급!$A$5:$A$12,0))=INDEX(등급!$H$5:$H$12,MATCH($D82,등급!$A$5:$A$12,0)),INDEX(등급!$G$5:$G$12,MATCH($D82,등급!$A$5:$A$12,0))&"칸",INDEX(등급!$G$5:$G$12,MATCH($D82,등급!$A$5:$A$12,0))&"~"&INDEX(등급!$H$5:$H$12,MATCH($D82,등급!$A$5:$A$12,0))&"칸")) -> - | M82: =IF(INDEX(등급!$J$5:$J$12,MATCH($D82,등급!$A$5:$A$12,0))=0,"-",IF(INDEX(등급!$I$5:$I$12,MATCH($D82,등급!$A$5:$A$12,0))=INDEX(등급!$J$5:$J$12,MATCH($D82,등급!$A$5:$A$12,0)),INDEX(등급!$I$5:$I$12,MATCH($D82,등급!$A$5:$A$12,0))&"개",INDEX(등급!$I$5:$I$12,MATCH($D82,등급!$A$5:$A$12,0))&"~"&INDEX(등급!$J$5:$J$12,MATCH($D82,등급!$A$5:$A$12,0))&"개")) -> - | N82: =IF(INDEX(등급!$L$5:$L$12,MATCH($D82,등급!$A$5:$A$12,0))=0,"-",INDEX(등급!$K$5:$K$12,MATCH($D82,등급!$A$5:$A$12,0))&"~"&INDEX(등급!$L$5:$L$12,MATCH($D82,등급!$A$5:$A$12,0))&"개") -> -
A83: =장비_기본!B14 -> 파쇄자의 대검 | B83: =장비_기본!C14 -> 무기 | C83: =장비_기본!D14 -> 근딜 | D83: L | E83: =장비_기본!F14 -> 공격력 | F83: =장비_기본!G14*INDEX(등급!$C$5:$C$12,MATCH($D83,등급!$A$5:$A$12,0)) -> 12.8 | G83: =장비_기본!H14 -> 치명타 피해 | H83: =장비_기본!I14*INDEX(등급!$C$5:$C$12,MATCH($D83,등급!$A$5:$A$12,0)) -> 0.096 | I83: =장비_기본!J14 -> 그로기 적에게 피해 +[값]% | J83: =ROUND(장비_기본!K14*INDEX(등급!$F$5:$F$12,MATCH($D83,등급!$A$5:$A$12,0)),1) -> 21.2 | K83: =INDEX(등급!$D$5:$D$12,MATCH($D83,등급!$A$5:$A$12,0)) -> 4 | L83: =IF(INDEX(등급!$H$5:$H$12,MATCH($D83,등급!$A$5:$A$12,0))=0,"-",IF(INDEX(등급!$G$5:$G$12,MATCH($D83,등급!$A$5:$A$12,0))=INDEX(등급!$H$5:$H$12,MATCH($D83,등급!$A$5:$A$12,0)),INDEX(등급!$G$5:$G$12,MATCH($D83,등급!$A$5:$A$12,0))&"칸",INDEX(등급!$G$5:$G$12,MATCH($D83,등급!$A$5:$A$12,0))&"~"&INDEX(등급!$H$5:$H$12,MATCH($D83,등급!$A$5:$A$12,0))&"칸")) -> 1칸 | M83: =IF(INDEX(등급!$J$5:$J$12,MATCH($D83,등급!$A$5:$A$12,0))=0,"-",IF(INDEX(등급!$I$5:$I$12,MATCH($D83,등급!$A$5:$A$12,0))=INDEX(등급!$J$5:$J$12,MATCH($D83,등급!$A$5:$A$12,0)),INDEX(등급!$I$5:$I$12,MATCH($D83,등급!$A$5:$A$12,0))&"개",INDEX(등급!$I$5:$I$12,MATCH($D83,등급!$A$5:$A$12,0))&"~"&INDEX(등급!$J$5:$J$12,MATCH($D83,등급!$A$5:$A$12,0))&"개")) -> 0~1개 | N83: =IF(INDEX(등급!$L$5:$L$12,MATCH($D83,등급!$A$5:$A$12,0))=0,"-",INDEX(등급!$K$5:$K$12,MATCH($D83,등급!$A$5:$A$12,0))&"~"&INDEX(등급!$L$5:$L$12,MATCH($D83,등급!$A$5:$A$12,0))&"개") -> 0~1개
A84: =장비_기본!B14 -> 파쇄자의 대검 | B84: =장비_기본!C14 -> 무기 | C84: =장비_기본!D14 -> 근딜 | D84: E | E84: =장비_기본!F14 -> 공격력 | F84: =장비_기본!G14*INDEX(등급!$C$5:$C$12,MATCH($D84,등급!$A$5:$A$12,0)) -> 13.2 | G84: =장비_기본!H14 -> 치명타 피해 | H84: =장비_기본!I14*INDEX(등급!$C$5:$C$12,MATCH($D84,등급!$A$5:$A$12,0)) -> 0.099 | I84: =장비_기본!J14 -> 그로기 적에게 피해 +[값]% | J84: =ROUND(장비_기본!K14*INDEX(등급!$F$5:$F$12,MATCH($D84,등급!$A$5:$A$12,0)),1) -> 24 | K84: =INDEX(등급!$D$5:$D$12,MATCH($D84,등급!$A$5:$A$12,0)) -> 4 | L84: =IF(INDEX(등급!$H$5:$H$12,MATCH($D84,등급!$A$5:$A$12,0))=0,"-",IF(INDEX(등급!$G$5:$G$12,MATCH($D84,등급!$A$5:$A$12,0))=INDEX(등급!$H$5:$H$12,MATCH($D84,등급!$A$5:$A$12,0)),INDEX(등급!$G$5:$G$12,MATCH($D84,등급!$A$5:$A$12,0))&"칸",INDEX(등급!$G$5:$G$12,MATCH($D84,등급!$A$5:$A$12,0))&"~"&INDEX(등급!$H$5:$H$12,MATCH($D84,등급!$A$5:$A$12,0))&"칸")) -> 1~3칸 | M84: =IF(INDEX(등급!$J$5:$J$12,MATCH($D84,등급!$A$5:$A$12,0))=0,"-",IF(INDEX(등급!$I$5:$I$12,MATCH($D84,등급!$A$5:$A$12,0))=INDEX(등급!$J$5:$J$12,MATCH($D84,등급!$A$5:$A$12,0)),INDEX(등급!$I$5:$I$12,MATCH($D84,등급!$A$5:$A$12,0))&"개",INDEX(등급!$I$5:$I$12,MATCH($D84,등급!$A$5:$A$12,0))&"~"&INDEX(등급!$J$5:$J$12,MATCH($D84,등급!$A$5:$A$12,0))&"개")) -> 1개 | N84: =IF(INDEX(등급!$L$5:$L$12,MATCH($D84,등급!$A$5:$A$12,0))=0,"-",INDEX(등급!$K$5:$K$12,MATCH($D84,등급!$A$5:$A$12,0))&"~"&INDEX(등급!$L$5:$L$12,MATCH($D84,등급!$A$5:$A$12,0))&"개") -> 0~2개
A85: =장비_기본!B15 -> 그림자 단검 | B85: =장비_기본!C15 -> 무기 | C85: =장비_기본!D15 -> 근딜 | D85: UC | E85: =장비_기본!F15 -> 공격력 | F85: =장비_기본!G15*INDEX(등급!$C$5:$C$12,MATCH($D85,등급!$A$5:$A$12,0)) -> 4 | G85: =장비_기본!H15 -> 치명타 피해 | H85: =장비_기본!I15*INDEX(등급!$C$5:$C$12,MATCH($D85,등급!$A$5:$A$12,0)) -> 0.03 | I85: =장비_기본!J15 -> ② 회전 베기 범위 +[값]% | J85: =ROUND(장비_기본!K15*INDEX(등급!$F$5:$F$12,MATCH($D85,등급!$A$5:$A$12,0)),1) -> 5 | K85: =INDEX(등급!$D$5:$D$12,MATCH($D85,등급!$A$5:$A$12,0)) -> 0 | L85: =IF(INDEX(등급!$H$5:$H$12,MATCH($D85,등급!$A$5:$A$12,0))=0,"-",IF(INDEX(등급!$G$5:$G$12,MATCH($D85,등급!$A$5:$A$12,0))=INDEX(등급!$H$5:$H$12,MATCH($D85,등급!$A$5:$A$12,0)),INDEX(등급!$G$5:$G$12,MATCH($D85,등급!$A$5:$A$12,0))&"칸",INDEX(등급!$G$5:$G$12,MATCH($D85,등급!$A$5:$A$12,0))&"~"&INDEX(등급!$H$5:$H$12,MATCH($D85,등급!$A$5:$A$12,0))&"칸")) -> - | M85: =IF(INDEX(등급!$J$5:$J$12,MATCH($D85,등급!$A$5:$A$12,0))=0,"-",IF(INDEX(등급!$I$5:$I$12,MATCH($D85,등급!$A$5:$A$12,0))=INDEX(등급!$J$5:$J$12,MATCH($D85,등급!$A$5:$A$12,0)),INDEX(등급!$I$5:$I$12,MATCH($D85,등급!$A$5:$A$12,0))&"개",INDEX(등급!$I$5:$I$12,MATCH($D85,등급!$A$5:$A$12,0))&"~"&INDEX(등급!$J$5:$J$12,MATCH($D85,등급!$A$5:$A$12,0))&"개")) -> - | N85: =IF(INDEX(등급!$L$5:$L$12,MATCH($D85,등급!$A$5:$A$12,0))=0,"-",INDEX(등급!$K$5:$K$12,MATCH($D85,등급!$A$5:$A$12,0))&"~"&INDEX(등급!$L$5:$L$12,MATCH($D85,등급!$A$5:$A$12,0))&"개") -> -
A86: =장비_기본!B15 -> 그림자 단검 | B86: =장비_기본!C15 -> 무기 | C86: =장비_기본!D15 -> 근딜 | D86: C | E86: =장비_기본!F15 -> 공격력 | F86: =장비_기본!G15*INDEX(등급!$C$5:$C$12,MATCH($D86,등급!$A$5:$A$12,0)) -> 5.8 | G86: =장비_기본!H15 -> 치명타 피해 | H86: =장비_기본!I15*INDEX(등급!$C$5:$C$12,MATCH($D86,등급!$A$5:$A$12,0)) -> 0.0435 | I86: =장비_기본!J15 -> ② 회전 베기 범위 +[값]% | J86: =ROUND(장비_기본!K15*INDEX(등급!$F$5:$F$12,MATCH($D86,등급!$A$5:$A$12,0)),1) -> 6.8 | K86: =INDEX(등급!$D$5:$D$12,MATCH($D86,등급!$A$5:$A$12,0)) -> 0 | L86: =IF(INDEX(등급!$H$5:$H$12,MATCH($D86,등급!$A$5:$A$12,0))=0,"-",IF(INDEX(등급!$G$5:$G$12,MATCH($D86,등급!$A$5:$A$12,0))=INDEX(등급!$H$5:$H$12,MATCH($D86,등급!$A$5:$A$12,0)),INDEX(등급!$G$5:$G$12,MATCH($D86,등급!$A$5:$A$12,0))&"칸",INDEX(등급!$G$5:$G$12,MATCH($D86,등급!$A$5:$A$12,0))&"~"&INDEX(등급!$H$5:$H$12,MATCH($D86,등급!$A$5:$A$12,0))&"칸")) -> - | M86: =IF(INDEX(등급!$J$5:$J$12,MATCH($D86,등급!$A$5:$A$12,0))=0,"-",IF(INDEX(등급!$I$5:$I$12,MATCH($D86,등급!$A$5:$A$12,0))=INDEX(등급!$J$5:$J$12,MATCH($D86,등급!$A$5:$A$12,0)),INDEX(등급!$I$5:$I$12,MATCH($D86,등급!$A$5:$A$12,0))&"개",INDEX(등급!$I$5:$I$12,MATCH($D86,등급!$A$5:$A$12,0))&"~"&INDEX(등급!$J$5:$J$12,MATCH($D86,등급!$A$5:$A$12,0))&"개")) -> - | N86: =IF(INDEX(등급!$L$5:$L$12,MATCH($D86,등급!$A$5:$A$12,0))=0,"-",INDEX(등급!$K$5:$K$12,MATCH($D86,등급!$A$5:$A$12,0))&"~"&INDEX(등급!$L$5:$L$12,MATCH($D86,등급!$A$5:$A$12,0))&"개") -> -
A87: =장비_기본!B15 -> 그림자 단검 | B87: =장비_기본!C15 -> 무기 | C87: =장비_기본!D15 -> 근딜 | D87: R | E87: =장비_기본!F15 -> 공격력 | F87: =장비_기본!G15*INDEX(등급!$C$5:$C$12,MATCH($D87,등급!$A$5:$A$12,0)) -> 6.8 | G87: =장비_기본!H15 -> 치명타 피해 | H87: =장비_기본!I15*INDEX(등급!$C$5:$C$12,MATCH($D87,등급!$A$5:$A$12,0)) -> 0.051 | I87: =장비_기본!J15 -> ② 회전 베기 범위 +[값]% | J87: =ROUND(장비_기본!K15*INDEX(등급!$F$5:$F$12,MATCH($D87,등급!$A$5:$A$12,0)),1) -> 7.5 | K87: =INDEX(등급!$D$5:$D$12,MATCH($D87,등급!$A$5:$A$12,0)) -> 1 | L87: =IF(INDEX(등급!$H$5:$H$12,MATCH($D87,등급!$A$5:$A$12,0))=0,"-",IF(INDEX(등급!$G$5:$G$12,MATCH($D87,등급!$A$5:$A$12,0))=INDEX(등급!$H$5:$H$12,MATCH($D87,등급!$A$5:$A$12,0)),INDEX(등급!$G$5:$G$12,MATCH($D87,등급!$A$5:$A$12,0))&"칸",INDEX(등급!$G$5:$G$12,MATCH($D87,등급!$A$5:$A$12,0))&"~"&INDEX(등급!$H$5:$H$12,MATCH($D87,등급!$A$5:$A$12,0))&"칸")) -> - | M87: =IF(INDEX(등급!$J$5:$J$12,MATCH($D87,등급!$A$5:$A$12,0))=0,"-",IF(INDEX(등급!$I$5:$I$12,MATCH($D87,등급!$A$5:$A$12,0))=INDEX(등급!$J$5:$J$12,MATCH($D87,등급!$A$5:$A$12,0)),INDEX(등급!$I$5:$I$12,MATCH($D87,등급!$A$5:$A$12,0))&"개",INDEX(등급!$I$5:$I$12,MATCH($D87,등급!$A$5:$A$12,0))&"~"&INDEX(등급!$J$5:$J$12,MATCH($D87,등급!$A$5:$A$12,0))&"개")) -> - | N87: =IF(INDEX(등급!$L$5:$L$12,MATCH($D87,등급!$A$5:$A$12,0))=0,"-",INDEX(등급!$K$5:$K$12,MATCH($D87,등급!$A$5:$A$12,0))&"~"&INDEX(등급!$L$5:$L$12,MATCH($D87,등급!$A$5:$A$12,0))&"개") -> -
A88: =장비_기본!B15 -> 그림자 단검 | B88: =장비_기본!C15 -> 무기 | C88: =장비_기본!D15 -> 근딜 | D88: SR | E88: =장비_기본!F15 -> 공격력 | F88: =장비_기본!G15*INDEX(등급!$C$5:$C$12,MATCH($D88,등급!$A$5:$A$12,0)) -> 8.4 | G88: =장비_기본!H15 -> 치명타 피해 | H88: =장비_기본!I15*INDEX(등급!$C$5:$C$12,MATCH($D88,등급!$A$5:$A$12,0)) -> 0.063 | I88: =장비_기본!J15 -> ② 회전 베기 범위 +[값]% | J88: =ROUND(장비_기본!K15*INDEX(등급!$F$5:$F$12,MATCH($D88,등급!$A$5:$A$12,0)),1) -> 8.8 | K88: =INDEX(등급!$D$5:$D$12,MATCH($D88,등급!$A$5:$A$12,0)) -> 2 | L88: =IF(INDEX(등급!$H$5:$H$12,MATCH($D88,등급!$A$5:$A$12,0))=0,"-",IF(INDEX(등급!$G$5:$G$12,MATCH($D88,등급!$A$5:$A$12,0))=INDEX(등급!$H$5:$H$12,MATCH($D88,등급!$A$5:$A$12,0)),INDEX(등급!$G$5:$G$12,MATCH($D88,등급!$A$5:$A$12,0))&"칸",INDEX(등급!$G$5:$G$12,MATCH($D88,등급!$A$5:$A$12,0))&"~"&INDEX(등급!$H$5:$H$12,MATCH($D88,등급!$A$5:$A$12,0))&"칸")) -> - | M88: =IF(INDEX(등급!$J$5:$J$12,MATCH($D88,등급!$A$5:$A$12,0))=0,"-",IF(INDEX(등급!$I$5:$I$12,MATCH($D88,등급!$A$5:$A$12,0))=INDEX(등급!$J$5:$J$12,MATCH($D88,등급!$A$5:$A$12,0)),INDEX(등급!$I$5:$I$12,MATCH($D88,등급!$A$5:$A$12,0))&"개",INDEX(등급!$I$5:$I$12,MATCH($D88,등급!$A$5:$A$12,0))&"~"&INDEX(등급!$J$5:$J$12,MATCH($D88,등급!$A$5:$A$12,0))&"개")) -> - | N88: =IF(INDEX(등급!$L$5:$L$12,MATCH($D88,등급!$A$5:$A$12,0))=0,"-",INDEX(등급!$K$5:$K$12,MATCH($D88,등급!$A$5:$A$12,0))&"~"&INDEX(등급!$L$5:$L$12,MATCH($D88,등급!$A$5:$A$12,0))&"개") -> -
A89: =장비_기본!B15 -> 그림자 단검 | B89: =장비_기본!C15 -> 무기 | C89: =장비_기본!D15 -> 근딜 | D89: SSR | E89: =장비_기본!F15 -> 공격력 | F89: =장비_기본!G15*INDEX(등급!$C$5:$C$12,MATCH($D89,등급!$A$5:$A$12,0)) -> 10.2 | G89: =장비_기본!H15 -> 치명타 피해 | H89: =장비_기본!I15*INDEX(등급!$C$5:$C$12,MATCH($D89,등급!$A$5:$A$12,0)) -> 0.0765 | I89: =장비_기본!J15 -> ② 회전 베기 범위 +[값]% | J89: =ROUND(장비_기본!K15*INDEX(등급!$F$5:$F$12,MATCH($D89,등급!$A$5:$A$12,0)),1) -> 10 | K89: =INDEX(등급!$D$5:$D$12,MATCH($D89,등급!$A$5:$A$12,0)) -> 3 | L89: =IF(INDEX(등급!$H$5:$H$12,MATCH($D89,등급!$A$5:$A$12,0))=0,"-",IF(INDEX(등급!$G$5:$G$12,MATCH($D89,등급!$A$5:$A$12,0))=INDEX(등급!$H$5:$H$12,MATCH($D89,등급!$A$5:$A$12,0)),INDEX(등급!$G$5:$G$12,MATCH($D89,등급!$A$5:$A$12,0))&"칸",INDEX(등급!$G$5:$G$12,MATCH($D89,등급!$A$5:$A$12,0))&"~"&INDEX(등급!$H$5:$H$12,MATCH($D89,등급!$A$5:$A$12,0))&"칸")) -> - | M89: =IF(INDEX(등급!$J$5:$J$12,MATCH($D89,등급!$A$5:$A$12,0))=0,"-",IF(INDEX(등급!$I$5:$I$12,MATCH($D89,등급!$A$5:$A$12,0))=INDEX(등급!$J$5:$J$12,MATCH($D89,등급!$A$5:$A$12,0)),INDEX(등급!$I$5:$I$12,MATCH($D89,등급!$A$5:$A$12,0))&"개",INDEX(등급!$I$5:$I$12,MATCH($D89,등급!$A$5:$A$12,0))&"~"&INDEX(등급!$J$5:$J$12,MATCH($D89,등급!$A$5:$A$12,0))&"개")) -> - | N89: =IF(INDEX(등급!$L$5:$L$12,MATCH($D89,등급!$A$5:$A$12,0))=0,"-",INDEX(등급!$K$5:$K$12,MATCH($D89,등급!$A$5:$A$12,0))&"~"&INDEX(등급!$L$5:$L$12,MATCH($D89,등급!$A$5:$A$12,0))&"개") -> -
A90: =장비_기본!B15 -> 그림자 단검 | B90: =장비_기본!C15 -> 무기 | C90: =장비_기본!D15 -> 근딜 | D90: UR | E90: =장비_기본!F15 -> 공격력 | F90: =장비_기본!G15*INDEX(등급!$C$5:$C$12,MATCH($D90,등급!$A$5:$A$12,0)) -> 12.2 | G90: =장비_기본!H15 -> 치명타 피해 | H90: =장비_기본!I15*INDEX(등급!$C$5:$C$12,MATCH($D90,등급!$A$5:$A$12,0)) -> 0.0915 | I90: =장비_기본!J15 -> ② 회전 베기 범위 +[값]% | J90: =ROUND(장비_기본!K15*INDEX(등급!$F$5:$F$12,MATCH($D90,등급!$A$5:$A$12,0)),1) -> 11.5 | K90: =INDEX(등급!$D$5:$D$12,MATCH($D90,등급!$A$5:$A$12,0)) -> 4 | L90: =IF(INDEX(등급!$H$5:$H$12,MATCH($D90,등급!$A$5:$A$12,0))=0,"-",IF(INDEX(등급!$G$5:$G$12,MATCH($D90,등급!$A$5:$A$12,0))=INDEX(등급!$H$5:$H$12,MATCH($D90,등급!$A$5:$A$12,0)),INDEX(등급!$G$5:$G$12,MATCH($D90,등급!$A$5:$A$12,0))&"칸",INDEX(등급!$G$5:$G$12,MATCH($D90,등급!$A$5:$A$12,0))&"~"&INDEX(등급!$H$5:$H$12,MATCH($D90,등급!$A$5:$A$12,0))&"칸")) -> - | M90: =IF(INDEX(등급!$J$5:$J$12,MATCH($D90,등급!$A$5:$A$12,0))=0,"-",IF(INDEX(등급!$I$5:$I$12,MATCH($D90,등급!$A$5:$A$12,0))=INDEX(등급!$J$5:$J$12,MATCH($D90,등급!$A$5:$A$12,0)),INDEX(등급!$I$5:$I$12,MATCH($D90,등급!$A$5:$A$12,0))&"개",INDEX(등급!$I$5:$I$12,MATCH($D90,등급!$A$5:$A$12,0))&"~"&INDEX(등급!$J$5:$J$12,MATCH($D90,등급!$A$5:$A$12,0))&"개")) -> - | N90: =IF(INDEX(등급!$L$5:$L$12,MATCH($D90,등급!$A$5:$A$12,0))=0,"-",INDEX(등급!$K$5:$K$12,MATCH($D90,등급!$A$5:$A$12,0))&"~"&INDEX(등급!$L$5:$L$12,MATCH($D90,등급!$A$5:$A$12,0))&"개") -> -
A91: =장비_기본!B15 -> 그림자 단검 | B91: =장비_기본!C15 -> 무기 | C91: =장비_기본!D15 -> 근딜 | D91: L | E91: =장비_기본!F15 -> 공격력 | F91: =장비_기본!G15*INDEX(등급!$C$5:$C$12,MATCH($D91,등급!$A$5:$A$12,0)) -> 12.8 | G91: =장비_기본!H15 -> 치명타 피해 | H91: =장비_기본!I15*INDEX(등급!$C$5:$C$12,MATCH($D91,등급!$A$5:$A$12,0)) -> 0.096 | I91: =장비_기본!J15 -> ② 회전 베기 범위 +[값]% | J91: =ROUND(장비_기본!K15*INDEX(등급!$F$5:$F$12,MATCH($D91,등급!$A$5:$A$12,0)),1) -> 13.3 | K91: =INDEX(등급!$D$5:$D$12,MATCH($D91,등급!$A$5:$A$12,0)) -> 4 | L91: =IF(INDEX(등급!$H$5:$H$12,MATCH($D91,등급!$A$5:$A$12,0))=0,"-",IF(INDEX(등급!$G$5:$G$12,MATCH($D91,등급!$A$5:$A$12,0))=INDEX(등급!$H$5:$H$12,MATCH($D91,등급!$A$5:$A$12,0)),INDEX(등급!$G$5:$G$12,MATCH($D91,등급!$A$5:$A$12,0))&"칸",INDEX(등급!$G$5:$G$12,MATCH($D91,등급!$A$5:$A$12,0))&"~"&INDEX(등급!$H$5:$H$12,MATCH($D91,등급!$A$5:$A$12,0))&"칸")) -> 1칸 | M91: =IF(INDEX(등급!$J$5:$J$12,MATCH($D91,등급!$A$5:$A$12,0))=0,"-",IF(INDEX(등급!$I$5:$I$12,MATCH($D91,등급!$A$5:$A$12,0))=INDEX(등급!$J$5:$J$12,MATCH($D91,등급!$A$5:$A$12,0)),INDEX(등급!$I$5:$I$12,MATCH($D91,등급!$A$5:$A$12,0))&"개",INDEX(등급!$I$5:$I$12,MATCH($D91,등급!$A$5:$A$12,0))&"~"&INDEX(등급!$J$5:$J$12,MATCH($D91,등급!$A$5:$A$12,0))&"개")) -> 0~1개 | N91: =IF(INDEX(등급!$L$5:$L$12,MATCH($D91,등급!$A$5:$A$12,0))=0,"-",INDEX(등급!$K$5:$K$12,MATCH($D91,등급!$A$5:$A$12,0))&"~"&INDEX(등급!$L$5:$L$12,MATCH($D91,등급!$A$5:$A$12,0))&"개") -> 0~1개
A92: =장비_기본!B15 -> 그림자 단검 | B92: =장비_기본!C15 -> 무기 | C92: =장비_기본!D15 -> 근딜 | D92: E | E92: =장비_기본!F15 -> 공격력 | F92: =장비_기본!G15*INDEX(등급!$C$5:$C$12,MATCH($D92,등급!$A$5:$A$12,0)) -> 13.2 | G92: =장비_기본!H15 -> 치명타 피해 | H92: =장비_기본!I15*INDEX(등급!$C$5:$C$12,MATCH($D92,등급!$A$5:$A$12,0)) -> 0.099 | I92: =장비_기본!J15 -> ② 회전 베기 범위 +[값]% | J92: =ROUND(장비_기본!K15*INDEX(등급!$F$5:$F$12,MATCH($D92,등급!$A$5:$A$12,0)),1) -> 15 | K92: =INDEX(등급!$D$5:$D$12,MATCH($D92,등급!$A$5:$A$12,0)) -> 4 | L92: =IF(INDEX(등급!$H$5:$H$12,MATCH($D92,등급!$A$5:$A$12,0))=0,"-",IF(INDEX(등급!$G$5:$G$12,MATCH($D92,등급!$A$5:$A$12,0))=INDEX(등급!$H$5:$H$12,MATCH($D92,등급!$A$5:$A$12,0)),INDEX(등급!$G$5:$G$12,MATCH($D92,등급!$A$5:$A$12,0))&"칸",INDEX(등급!$G$5:$G$12,MATCH($D92,등급!$A$5:$A$12,0))&"~"&INDEX(등급!$H$5:$H$12,MATCH($D92,등급!$A$5:$A$12,0))&"칸")) -> 1~3칸 | M92: =IF(INDEX(등급!$J$5:$J$12,MATCH($D92,등급!$A$5:$A$12,0))=0,"-",IF(INDEX(등급!$I$5:$I$12,MATCH($D92,등급!$A$5:$A$12,0))=INDEX(등급!$J$5:$J$12,MATCH($D92,등급!$A$5:$A$12,0)),INDEX(등급!$I$5:$I$12,MATCH($D92,등급!$A$5:$A$12,0))&"개",INDEX(등급!$I$5:$I$12,MATCH($D92,등급!$A$5:$A$12,0))&"~"&INDEX(등급!$J$5:$J$12,MATCH($D92,등급!$A$5:$A$12,0))&"개")) -> 1개 | N92: =IF(INDEX(등급!$L$5:$L$12,MATCH($D92,등급!$A$5:$A$12,0))=0,"-",INDEX(등급!$K$5:$K$12,MATCH($D92,등급!$A$5:$A$12,0))&"~"&INDEX(등급!$L$5:$L$12,MATCH($D92,등급!$A$5:$A$12,0))&"개") -> 0~2개
A93: =장비_기본!B16 -> 사냥꾼의 가죽갑 | B93: =장비_기본!C16 -> 갑옷 | C93: =장비_기본!D16 -> 근딜 | D93: UC | E93: =장비_기본!F16 -> 체력 | F93: =장비_기본!G16*INDEX(등급!$C$5:$C$12,MATCH($D93,등급!$A$5:$A$12,0)) -> 30 | G93: =장비_기본!H16 -> 공격 속도 | H93: =장비_기본!I16*INDEX(등급!$C$5:$C$12,MATCH($D93,등급!$A$5:$A$12,0)) -> 0.02 | I93: =장비_기본!J16 -> 적 처치 시 2초간 공격 속도 +[값]% | J93: =ROUND(장비_기본!K16*INDEX(등급!$F$5:$F$12,MATCH($D93,등급!$A$5:$A$12,0)),1) -> 10 | K93: =INDEX(등급!$D$5:$D$12,MATCH($D93,등급!$A$5:$A$12,0)) -> 0 | L93: =IF(INDEX(등급!$H$5:$H$12,MATCH($D93,등급!$A$5:$A$12,0))=0,"-",IF(INDEX(등급!$G$5:$G$12,MATCH($D93,등급!$A$5:$A$12,0))=INDEX(등급!$H$5:$H$12,MATCH($D93,등급!$A$5:$A$12,0)),INDEX(등급!$G$5:$G$12,MATCH($D93,등급!$A$5:$A$12,0))&"칸",INDEX(등급!$G$5:$G$12,MATCH($D93,등급!$A$5:$A$12,0))&"~"&INDEX(등급!$H$5:$H$12,MATCH($D93,등급!$A$5:$A$12,0))&"칸")) -> - | M93: =IF(INDEX(등급!$J$5:$J$12,MATCH($D93,등급!$A$5:$A$12,0))=0,"-",IF(INDEX(등급!$I$5:$I$12,MATCH($D93,등급!$A$5:$A$12,0))=INDEX(등급!$J$5:$J$12,MATCH($D93,등급!$A$5:$A$12,0)),INDEX(등급!$I$5:$I$12,MATCH($D93,등급!$A$5:$A$12,0))&"개",INDEX(등급!$I$5:$I$12,MATCH($D93,등급!$A$5:$A$12,0))&"~"&INDEX(등급!$J$5:$J$12,MATCH($D93,등급!$A$5:$A$12,0))&"개")) -> - | N93: =IF(INDEX(등급!$L$5:$L$12,MATCH($D93,등급!$A$5:$A$12,0))=0,"-",INDEX(등급!$K$5:$K$12,MATCH($D93,등급!$A$5:$A$12,0))&"~"&INDEX(등급!$L$5:$L$12,MATCH($D93,등급!$A$5:$A$12,0))&"개") -> -
A94: =장비_기본!B16 -> 사냥꾼의 가죽갑 | B94: =장비_기본!C16 -> 갑옷 | C94: =장비_기본!D16 -> 근딜 | D94: C | E94: =장비_기본!F16 -> 체력 | F94: =장비_기본!G16*INDEX(등급!$C$5:$C$12,MATCH($D94,등급!$A$5:$A$12,0)) -> 43.5 | G94: =장비_기본!H16 -> 공격 속도 | H94: =장비_기본!I16*INDEX(등급!$C$5:$C$12,MATCH($D94,등급!$A$5:$A$12,0)) -> 0.029 | I94: =장비_기본!J16 -> 적 처치 시 2초간 공격 속도 +[값]% | J94: =ROUND(장비_기본!K16*INDEX(등급!$F$5:$F$12,MATCH($D94,등급!$A$5:$A$12,0)),1) -> 13.5 | K94: =INDEX(등급!$D$5:$D$12,MATCH($D94,등급!$A$5:$A$12,0)) -> 0 | L94: =IF(INDEX(등급!$H$5:$H$12,MATCH($D94,등급!$A$5:$A$12,0))=0,"-",IF(INDEX(등급!$G$5:$G$12,MATCH($D94,등급!$A$5:$A$12,0))=INDEX(등급!$H$5:$H$12,MATCH($D94,등급!$A$5:$A$12,0)),INDEX(등급!$G$5:$G$12,MATCH($D94,등급!$A$5:$A$12,0))&"칸",INDEX(등급!$G$5:$G$12,MATCH($D94,등급!$A$5:$A$12,0))&"~"&INDEX(등급!$H$5:$H$12,MATCH($D94,등급!$A$5:$A$12,0))&"칸")) -> - | M94: =IF(INDEX(등급!$J$5:$J$12,MATCH($D94,등급!$A$5:$A$12,0))=0,"-",IF(INDEX(등급!$I$5:$I$12,MATCH($D94,등급!$A$5:$A$12,0))=INDEX(등급!$J$5:$J$12,MATCH($D94,등급!$A$5:$A$12,0)),INDEX(등급!$I$5:$I$12,MATCH($D94,등급!$A$5:$A$12,0))&"개",INDEX(등급!$I$5:$I$12,MATCH($D94,등급!$A$5:$A$12,0))&"~"&INDEX(등급!$J$5:$J$12,MATCH($D94,등급!$A$5:$A$12,0))&"개")) -> - | N94: =IF(INDEX(등급!$L$5:$L$12,MATCH($D94,등급!$A$5:$A$12,0))=0,"-",INDEX(등급!$K$5:$K$12,MATCH($D94,등급!$A$5:$A$12,0))&"~"&INDEX(등급!$L$5:$L$12,MATCH($D94,등급!$A$5:$A$12,0))&"개") -> -
A95: =장비_기본!B16 -> 사냥꾼의 가죽갑 | B95: =장비_기본!C16 -> 갑옷 | C95: =장비_기본!D16 -> 근딜 | D95: R | E95: =장비_기본!F16 -> 체력 | F95: =장비_기본!G16*INDEX(등급!$C$5:$C$12,MATCH($D95,등급!$A$5:$A$12,0)) -> 51 | G95: =장비_기본!H16 -> 공격 속도 | H95: =장비_기본!I16*INDEX(등급!$C$5:$C$12,MATCH($D95,등급!$A$5:$A$12,0)) -> 0.034 | I95: =장비_기본!J16 -> 적 처치 시 2초간 공격 속도 +[값]% | J95: =ROUND(장비_기본!K16*INDEX(등급!$F$5:$F$12,MATCH($D95,등급!$A$5:$A$12,0)),1) -> 15 | K95: =INDEX(등급!$D$5:$D$12,MATCH($D95,등급!$A$5:$A$12,0)) -> 1 | L95: =IF(INDEX(등급!$H$5:$H$12,MATCH($D95,등급!$A$5:$A$12,0))=0,"-",IF(INDEX(등급!$G$5:$G$12,MATCH($D95,등급!$A$5:$A$12,0))=INDEX(등급!$H$5:$H$12,MATCH($D95,등급!$A$5:$A$12,0)),INDEX(등급!$G$5:$G$12,MATCH($D95,등급!$A$5:$A$12,0))&"칸",INDEX(등급!$G$5:$G$12,MATCH($D95,등급!$A$5:$A$12,0))&"~"&INDEX(등급!$H$5:$H$12,MATCH($D95,등급!$A$5:$A$12,0))&"칸")) -> - | M95: =IF(INDEX(등급!$J$5:$J$12,MATCH($D95,등급!$A$5:$A$12,0))=0,"-",IF(INDEX(등급!$I$5:$I$12,MATCH($D95,등급!$A$5:$A$12,0))=INDEX(등급!$J$5:$J$12,MATCH($D95,등급!$A$5:$A$12,0)),INDEX(등급!$I$5:$I$12,MATCH($D95,등급!$A$5:$A$12,0))&"개",INDEX(등급!$I$5:$I$12,MATCH($D95,등급!$A$5:$A$12,0))&"~"&INDEX(등급!$J$5:$J$12,MATCH($D95,등급!$A$5:$A$12,0))&"개")) -> - | N95: =IF(INDEX(등급!$L$5:$L$12,MATCH($D95,등급!$A$5:$A$12,0))=0,"-",INDEX(등급!$K$5:$K$12,MATCH($D95,등급!$A$5:$A$12,0))&"~"&INDEX(등급!$L$5:$L$12,MATCH($D95,등급!$A$5:$A$12,0))&"개") -> -
A96: =장비_기본!B16 -> 사냥꾼의 가죽갑 | B96: =장비_기본!C16 -> 갑옷 | C96: =장비_기본!D16 -> 근딜 | D96: SR | E96: =장비_기본!F16 -> 체력 | F96: =장비_기본!G16*INDEX(등급!$C$5:$C$12,MATCH($D96,등급!$A$5:$A$12,0)) -> 63 | G96: =장비_기본!H16 -> 공격 속도 | H96: =장비_기본!I16*INDEX(등급!$C$5:$C$12,MATCH($D96,등급!$A$5:$A$12,0)) -> 0.042 | I96: =장비_기본!J16 -> 적 처치 시 2초간 공격 속도 +[값]% | J96: =ROUND(장비_기본!K16*INDEX(등급!$F$5:$F$12,MATCH($D96,등급!$A$5:$A$12,0)),1) -> 17.5 | K96: =INDEX(등급!$D$5:$D$12,MATCH($D96,등급!$A$5:$A$12,0)) -> 2 | L96: =IF(INDEX(등급!$H$5:$H$12,MATCH($D96,등급!$A$5:$A$12,0))=0,"-",IF(INDEX(등급!$G$5:$G$12,MATCH($D96,등급!$A$5:$A$12,0))=INDEX(등급!$H$5:$H$12,MATCH($D96,등급!$A$5:$A$12,0)),INDEX(등급!$G$5:$G$12,MATCH($D96,등급!$A$5:$A$12,0))&"칸",INDEX(등급!$G$5:$G$12,MATCH($D96,등급!$A$5:$A$12,0))&"~"&INDEX(등급!$H$5:$H$12,MATCH($D96,등급!$A$5:$A$12,0))&"칸")) -> - | M96: =IF(INDEX(등급!$J$5:$J$12,MATCH($D96,등급!$A$5:$A$12,0))=0,"-",IF(INDEX(등급!$I$5:$I$12,MATCH($D96,등급!$A$5:$A$12,0))=INDEX(등급!$J$5:$J$12,MATCH($D96,등급!$A$5:$A$12,0)),INDEX(등급!$I$5:$I$12,MATCH($D96,등급!$A$5:$A$12,0))&"개",INDEX(등급!$I$5:$I$12,MATCH($D96,등급!$A$5:$A$12,0))&"~"&INDEX(등급!$J$5:$J$12,MATCH($D96,등급!$A$5:$A$12,0))&"개")) -> - | N96: =IF(INDEX(등급!$L$5:$L$12,MATCH($D96,등급!$A$5:$A$12,0))=0,"-",INDEX(등급!$K$5:$K$12,MATCH($D96,등급!$A$5:$A$12,0))&"~"&INDEX(등급!$L$5:$L$12,MATCH($D96,등급!$A$5:$A$12,0))&"개") -> -
A97: =장비_기본!B16 -> 사냥꾼의 가죽갑 | B97: =장비_기본!C16 -> 갑옷 | C97: =장비_기본!D16 -> 근딜 | D97: SSR | E97: =장비_기본!F16 -> 체력 | F97: =장비_기본!G16*INDEX(등급!$C$5:$C$12,MATCH($D97,등급!$A$5:$A$12,0)) -> 76.5 | G97: =장비_기본!H16 -> 공격 속도 | H97: =장비_기본!I16*INDEX(등급!$C$5:$C$12,MATCH($D97,등급!$A$5:$A$12,0)) -> 0.051 | I97: =장비_기본!J16 -> 적 처치 시 2초간 공격 속도 +[값]% | J97: =ROUND(장비_기본!K16*INDEX(등급!$F$5:$F$12,MATCH($D97,등급!$A$5:$A$12,0)),1) -> 20 | K97: =INDEX(등급!$D$5:$D$12,MATCH($D97,등급!$A$5:$A$12,0)) -> 3 | L97: =IF(INDEX(등급!$H$5:$H$12,MATCH($D97,등급!$A$5:$A$12,0))=0,"-",IF(INDEX(등급!$G$5:$G$12,MATCH($D97,등급!$A$5:$A$12,0))=INDEX(등급!$H$5:$H$12,MATCH($D97,등급!$A$5:$A$12,0)),INDEX(등급!$G$5:$G$12,MATCH($D97,등급!$A$5:$A$12,0))&"칸",INDEX(등급!$G$5:$G$12,MATCH($D97,등급!$A$5:$A$12,0))&"~"&INDEX(등급!$H$5:$H$12,MATCH($D97,등급!$A$5:$A$12,0))&"칸")) -> - | M97: =IF(INDEX(등급!$J$5:$J$12,MATCH($D97,등급!$A$5:$A$12,0))=0,"-",IF(INDEX(등급!$I$5:$I$12,MATCH($D97,등급!$A$5:$A$12,0))=INDEX(등급!$J$5:$J$12,MATCH($D97,등급!$A$5:$A$12,0)),INDEX(등급!$I$5:$I$12,MATCH($D97,등급!$A$5:$A$12,0))&"개",INDEX(등급!$I$5:$I$12,MATCH($D97,등급!$A$5:$A$12,0))&"~"&INDEX(등급!$J$5:$J$12,MATCH($D97,등급!$A$5:$A$12,0))&"개")) -> - | N97: =IF(INDEX(등급!$L$5:$L$12,MATCH($D97,등급!$A$5:$A$12,0))=0,"-",INDEX(등급!$K$5:$K$12,MATCH($D97,등급!$A$5:$A$12,0))&"~"&INDEX(등급!$L$5:$L$12,MATCH($D97,등급!$A$5:$A$12,0))&"개") -> -
A98: =장비_기본!B16 -> 사냥꾼의 가죽갑 | B98: =장비_기본!C16 -> 갑옷 | C98: =장비_기본!D16 -> 근딜 | D98: UR | E98: =장비_기본!F16 -> 체력 | F98: =장비_기본!G16*INDEX(등급!$C$5:$C$12,MATCH($D98,등급!$A$5:$A$12,0)) -> 91.5 | G98: =장비_기본!H16 -> 공격 속도 | H98: =장비_기본!I16*INDEX(등급!$C$5:$C$12,MATCH($D98,등급!$A$5:$A$12,0)) -> 0.061 | I98: =장비_기본!J16 -> 적 처치 시 2초간 공격 속도 +[값]% | J98: =ROUND(장비_기본!K16*INDEX(등급!$F$5:$F$12,MATCH($D98,등급!$A$5:$A$12,0)),1) -> 23 | K98: =INDEX(등급!$D$5:$D$12,MATCH($D98,등급!$A$5:$A$12,0)) -> 4 | L98: =IF(INDEX(등급!$H$5:$H$12,MATCH($D98,등급!$A$5:$A$12,0))=0,"-",IF(INDEX(등급!$G$5:$G$12,MATCH($D98,등급!$A$5:$A$12,0))=INDEX(등급!$H$5:$H$12,MATCH($D98,등급!$A$5:$A$12,0)),INDEX(등급!$G$5:$G$12,MATCH($D98,등급!$A$5:$A$12,0))&"칸",INDEX(등급!$G$5:$G$12,MATCH($D98,등급!$A$5:$A$12,0))&"~"&INDEX(등급!$H$5:$H$12,MATCH($D98,등급!$A$5:$A$12,0))&"칸")) -> - | M98: =IF(INDEX(등급!$J$5:$J$12,MATCH($D98,등급!$A$5:$A$12,0))=0,"-",IF(INDEX(등급!$I$5:$I$12,MATCH($D98,등급!$A$5:$A$12,0))=INDEX(등급!$J$5:$J$12,MATCH($D98,등급!$A$5:$A$12,0)),INDEX(등급!$I$5:$I$12,MATCH($D98,등급!$A$5:$A$12,0))&"개",INDEX(등급!$I$5:$I$12,MATCH($D98,등급!$A$5:$A$12,0))&"~"&INDEX(등급!$J$5:$J$12,MATCH($D98,등급!$A$5:$A$12,0))&"개")) -> - | N98: =IF(INDEX(등급!$L$5:$L$12,MATCH($D98,등급!$A$5:$A$12,0))=0,"-",INDEX(등급!$K$5:$K$12,MATCH($D98,등급!$A$5:$A$12,0))&"~"&INDEX(등급!$L$5:$L$12,MATCH($D98,등급!$A$5:$A$12,0))&"개") -> -
A99: =장비_기본!B16 -> 사냥꾼의 가죽갑 | B99: =장비_기본!C16 -> 갑옷 | C99: =장비_기본!D16 -> 근딜 | D99: L | E99: =장비_기본!F16 -> 체력 | F99: =장비_기본!G16*INDEX(등급!$C$5:$C$12,MATCH($D99,등급!$A$5:$A$12,0)) -> 96 | G99: =장비_기본!H16 -> 공격 속도 | H99: =장비_기본!I16*INDEX(등급!$C$5:$C$12,MATCH($D99,등급!$A$5:$A$12,0)) -> 0.064 | I99: =장비_기본!J16 -> 적 처치 시 2초간 공격 속도 +[값]% | J99: =ROUND(장비_기본!K16*INDEX(등급!$F$5:$F$12,MATCH($D99,등급!$A$5:$A$12,0)),1) -> 26.5 | K99: =INDEX(등급!$D$5:$D$12,MATCH($D99,등급!$A$5:$A$12,0)) -> 4 | L99: =IF(INDEX(등급!$H$5:$H$12,MATCH($D99,등급!$A$5:$A$12,0))=0,"-",IF(INDEX(등급!$G$5:$G$12,MATCH($D99,등급!$A$5:$A$12,0))=INDEX(등급!$H$5:$H$12,MATCH($D99,등급!$A$5:$A$12,0)),INDEX(등급!$G$5:$G$12,MATCH($D99,등급!$A$5:$A$12,0))&"칸",INDEX(등급!$G$5:$G$12,MATCH($D99,등급!$A$5:$A$12,0))&"~"&INDEX(등급!$H$5:$H$12,MATCH($D99,등급!$A$5:$A$12,0))&"칸")) -> 1칸 | M99: =IF(INDEX(등급!$J$5:$J$12,MATCH($D99,등급!$A$5:$A$12,0))=0,"-",IF(INDEX(등급!$I$5:$I$12,MATCH($D99,등급!$A$5:$A$12,0))=INDEX(등급!$J$5:$J$12,MATCH($D99,등급!$A$5:$A$12,0)),INDEX(등급!$I$5:$I$12,MATCH($D99,등급!$A$5:$A$12,0))&"개",INDEX(등급!$I$5:$I$12,MATCH($D99,등급!$A$5:$A$12,0))&"~"&INDEX(등급!$J$5:$J$12,MATCH($D99,등급!$A$5:$A$12,0))&"개")) -> 0~1개 | N99: =IF(INDEX(등급!$L$5:$L$12,MATCH($D99,등급!$A$5:$A$12,0))=0,"-",INDEX(등급!$K$5:$K$12,MATCH($D99,등급!$A$5:$A$12,0))&"~"&INDEX(등급!$L$5:$L$12,MATCH($D99,등급!$A$5:$A$12,0))&"개") -> 0~1개
A100: =장비_기본!B16 -> 사냥꾼의 가죽갑 | B100: =장비_기본!C16 -> 갑옷 | C100: =장비_기본!D16 -> 근딜 | D100: E | E100: =장비_기본!F16 -> 체력 | F100: =장비_기본!G16*INDEX(등급!$C$5:$C$12,MATCH($D100,등급!$A$5:$A$12,0)) -> 99 | G100: =장비_기본!H16 -> 공격 속도 | H100: =장비_기본!I16*INDEX(등급!$C$5:$C$12,MATCH($D100,등급!$A$5:$A$12,0)) -> 0.066 | I100: =장비_기본!J16 -> 적 처치 시 2초간 공격 속도 +[값]% | J100: =ROUND(장비_기본!K16*INDEX(등급!$F$5:$F$12,MATCH($D100,등급!$A$5:$A$12,0)),1) -> 30 | K100: =INDEX(등급!$D$5:$D$12,MATCH($D100,등급!$A$5:$A$12,0)) -> 4 | L100: =IF(INDEX(등급!$H$5:$H$12,MATCH($D100,등급!$A$5:$A$12,0))=0,"-",IF(INDEX(등급!$G$5:$G$12,MATCH($D100,등급!$A$5:$A$12,0))=INDEX(등급!$H$5:$H$12,MATCH($D100,등급!$A$5:$A$12,0)),INDEX(등급!$G$5:$G$12,MATCH($D100,등급!$A$5:$A$12,0))&"칸",INDEX(등급!$G$5:$G$12,MATCH($D100,등급!$A$5:$A$12,0))&"~"&INDEX(등급!$H$5:$H$12,MATCH($D100,등급!$A$5:$A$12,0))&"칸")) -> 1~3칸 | M100: =IF(INDEX(등급!$J$5:$J$12,MATCH($D100,등급!$A$5:$A$12,0))=0,"-",IF(INDEX(등급!$I$5:$I$12,MATCH($D100,등급!$A$5:$A$12,0))=INDEX(등급!$J$5:$J$12,MATCH($D100,등급!$A$5:$A$12,0)),INDEX(등급!$I$5:$I$12,MATCH($D100,등급!$A$5:$A$12,0))&"개",INDEX(등급!$I$5:$I$12,MATCH($D100,등급!$A$5:$A$12,0))&"~"&INDEX(등급!$J$5:$J$12,MATCH($D100,등급!$A$5:$A$12,0))&"개")) -> 1개 | N100: =IF(INDEX(등급!$L$5:$L$12,MATCH($D100,등급!$A$5:$A$12,0))=0,"-",INDEX(등급!$K$5:$K$12,MATCH($D100,등급!$A$5:$A$12,0))&"~"&INDEX(등급!$L$5:$L$12,MATCH($D100,등급!$A$5:$A$12,0))&"개") -> 0~2개
A101: =장비_기본!B17 -> 검무사의 경갑 | B101: =장비_기본!C17 -> 갑옷 | C101: =장비_기본!D17 -> 근딜 | D101: UC | E101: =장비_기본!F17 -> 체력 | F101: =장비_기본!G17*INDEX(등급!$C$5:$C$12,MATCH($D101,등급!$A$5:$A$12,0)) -> 30 | G101: =장비_기본!H17 -> 공격 속도 | H101: =장비_기본!I17*INDEX(등급!$C$5:$C$12,MATCH($D101,등급!$A$5:$A$12,0)) -> 0.02 | I101: =장비_기본!J17 -> ② 회전 베기 쿨타임 -[값]% | J101: =ROUND(장비_기본!K17*INDEX(등급!$F$5:$F$12,MATCH($D101,등급!$A$5:$A$12,0)),1) -> 4 | K101: =INDEX(등급!$D$5:$D$12,MATCH($D101,등급!$A$5:$A$12,0)) -> 0 | L101: =IF(INDEX(등급!$H$5:$H$12,MATCH($D101,등급!$A$5:$A$12,0))=0,"-",IF(INDEX(등급!$G$5:$G$12,MATCH($D101,등급!$A$5:$A$12,0))=INDEX(등급!$H$5:$H$12,MATCH($D101,등급!$A$5:$A$12,0)),INDEX(등급!$G$5:$G$12,MATCH($D101,등급!$A$5:$A$12,0))&"칸",INDEX(등급!$G$5:$G$12,MATCH($D101,등급!$A$5:$A$12,0))&"~"&INDEX(등급!$H$5:$H$12,MATCH($D101,등급!$A$5:$A$12,0))&"칸")) -> - | M101: =IF(INDEX(등급!$J$5:$J$12,MATCH($D101,등급!$A$5:$A$12,0))=0,"-",IF(INDEX(등급!$I$5:$I$12,MATCH($D101,등급!$A$5:$A$12,0))=INDEX(등급!$J$5:$J$12,MATCH($D101,등급!$A$5:$A$12,0)),INDEX(등급!$I$5:$I$12,MATCH($D101,등급!$A$5:$A$12,0))&"개",INDEX(등급!$I$5:$I$12,MATCH($D101,등급!$A$5:$A$12,0))&"~"&INDEX(등급!$J$5:$J$12,MATCH($D101,등급!$A$5:$A$12,0))&"개")) -> - | N101: =IF(INDEX(등급!$L$5:$L$12,MATCH($D101,등급!$A$5:$A$12,0))=0,"-",INDEX(등급!$K$5:$K$12,MATCH($D101,등급!$A$5:$A$12,0))&"~"&INDEX(등급!$L$5:$L$12,MATCH($D101,등급!$A$5:$A$12,0))&"개") -> -
...

Sheet 추가옵션
A1: 추가 옵션 풀
A2: R 기준 범위 × 등급 옵션 배율. 한 장비에 같은 옵션은 1줄만. 등장 확률 = 가중치 ÷ 해당 부위 합계.
A4: 키 | B4: 옵션 | C4: R 최소 | D4: R 최대 | E4: 가중치 | F4: 붙는 부위 | G4: R 최소 | H4: SR 최소 | I4: SSR 최소 | J4: UR 최소 | K4: L 최소 | L4: E 최소 | M4: R 최대 | N4: SR 최대 | O4: SSR 최대 | P4: UR 최대 | Q4: L 최대 | R4: E 최대 | S4: 1줄 전투력(%)
A5: atk_pct | B5: 공격력% | C5: 0.018 | D5: 0.026 | E5: 10 | F5: 전 부위 | G5: =$C5*등급!$E$7 -> 0.018 | H5: =$C5*등급!$E$8 -> 0.0207 | I5: =$C5*등급!$E$9 -> 0.0234 | J5: =$C5*등급!$E$10 -> 0.027 | K5: =$C5*등급!$E$11 -> 0.0279 | L5: =$C5*등급!$E$12 -> 0.02844 | M5: =$D5*등급!$E$7 -> 0.026 | N5: =$D5*등급!$E$8 -> 0.0299 | O5: =$D5*등급!$E$9 -> 0.0338 | P5: =$D5*등급!$E$10 -> 0.039 | Q5: =$D5*등급!$E$11 -> 0.0403 | R5: =$D5*등급!$E$12 -> 0.04108 | S5: =(C5+D5)/2*100*스탯!$D$7 -> 1.1
A6: hp_pct | B6: 체력% | C6: 0.025 | D6: 0.035 | E6: 12 | F6: 전 부위 | G6: =$C6*등급!$E$7 -> 0.025 | H6: =$C6*등급!$E$8 -> 0.02875 | I6: =$C6*등급!$E$9 -> 0.0325 | J6: =$C6*등급!$E$10 -> 0.0375 | K6: =$C6*등급!$E$11 -> 0.03875 | L6: =$C6*등급!$E$12 -> 0.0395 | M6: =$D6*등급!$E$7 -> 0.035 | N6: =$D6*등급!$E$8 -> 0.04025 | O6: =$D6*등급!$E$9 -> 0.0455 | P6: =$D6*등급!$E$10 -> 0.0525 | Q6: =$D6*등급!$E$11 -> 0.05425 | R6: =$D6*등급!$E$12 -> 0.0553 | S6: =(C6+D6)/2*100*스탯!$D$8 -> 1.5
A7: dr | B7: 받는 피해 감소 | C7: 0.02 | D7: 0.03 | E7: 7 | F7: 갑옷 · 벨트 · 소울 메달 | G7: =$C7*등급!$E$7 -> 0.02 | H7: =$C7*등급!$E$8 -> 0.023 | I7: =$C7*등급!$E$9 -> 0.026 | J7: =$C7*등급!$E$10 -> 0.03 | K7: =$C7*등급!$E$11 -> 0.031 | L7: =$C7*등급!$E$12 -> 0.0316 | M7: =$D7*등급!$E$7 -> 0.03 | N7: =$D7*등급!$E$8 -> 0.0345 | O7: =$D7*등급!$E$9 -> 0.039 | P7: =$D7*등급!$E$10 -> 0.045 | Q7: =$D7*등급!$E$11 -> 0.0465 | R7: =$D7*등급!$E$12 -> 0.0474 | S7: =(C7+D7)/2*100*스탯!$D$9 -> 1.5
A8: aspd | B8: 공격 속도 | C8: 0.03 | D8: 0.045 | E8: 7 | F8: 무기 · 반지 · 목걸이 | G8: =$C8*등급!$E$7 -> 0.03 | H8: =$C8*등급!$E$8 -> 0.0345 | I8: =$C8*등급!$E$9 -> 0.039 | J8: =$C8*등급!$E$10 -> 0.045 | K8: =$C8*등급!$E$11 -> 0.0465 | L8: =$C8*등급!$E$12 -> 0.0474 | M8: =$D8*등급!$E$7 -> 0.045 | N8: =$D8*등급!$E$8 -> 0.05175 | O8: =$D8*등급!$E$9 -> 0.0585 | P8: =$D8*등급!$E$10 -> 0.0675 | Q8: =$D8*등급!$E$11 -> 0.06975 | R8: =$D8*등급!$E$12 -> 0.0711 | S8: =(C8+D8)/2*100*스탯!$D$10 -> 1.125
A9: crit | B9: 치명타 확률 | C9: 0.03 | D9: 0.045 | E9: 7 | F9: 무기 · 반지 · 목걸이 · 소울 메달 | G9: =$C9*등급!$E$7 -> 0.03 | H9: =$C9*등급!$E$8 -> 0.0345 | I9: =$C9*등급!$E$9 -> 0.039 | J9: =$C9*등급!$E$10 -> 0.045 | K9: =$C9*등급!$E$11 -> 0.0465 | L9: =$C9*등급!$E$12 -> 0.0474 | M9: =$D9*등급!$E$7 -> 0.045 | N9: =$D9*등급!$E$8 -> 0.05175 | O9: =$D9*등급!$E$9 -> 0.0585 | P9: =$D9*등급!$E$10 -> 0.0675 | Q9: =$D9*등급!$E$11 -> 0.06975 | R9: =$D9*등급!$E$12 -> 0.0711 | S9: =(C9+D9)/2*100*스탯!$D$11 -> 1.125
A10: critdmg | B10: 치명타 피해 | C10: 0.09 | D10: 0.13 | E10: 7 | F10: 무기 · 반지 · 목걸이 · 소울 메달 | G10: =$C10*등급!$E$7 -> 0.09 | H10: =$C10*등급!$E$8 -> 0.1035 | I10: =$C10*등급!$E$9 -> 0.117 | J10: =$C10*등급!$E$10 -> 0.135 | K10: =$C10*등급!$E$11 -> 0.1395 | L10: =$C10*등급!$E$12 -> 0.1422 | M10: =$D10*등급!$E$7 -> 0.13 | N10: =$D10*등급!$E$8 -> 0.1495 | O10: =$D10*등급!$E$9 -> 0.169 | P10: =$D10*등급!$E$10 -> 0.195 | Q10: =$D10*등급!$E$11 -> 0.2015 | R10: =$D10*등급!$E$12 -> 0.2054 | S10: =(C10+D10)/2*100*스탯!$D$12 -> 1.1
A11: skilldmg | B11: 스킬 피해 | C11: 0.045 | D11: 0.065 | E11: 9 | F11: 전 부위 | G11: =$C11*등급!$E$7 -> 0.045 | H11: =$C11*등급!$E$8 -> 0.05175 | I11: =$C11*등급!$E$9 -> 0.0585 | J11: =$C11*등급!$E$10 -> 0.0675 | K11: =$C11*등급!$E$11 -> 0.06975 | L11: =$C11*등급!$E$12 -> 0.0711 | M11: =$D11*등급!$E$7 -> 0.065 | N11: =$D11*등급!$E$8 -> 0.07475 | O11: =$D11*등급!$E$9 -> 0.0845 | P11: =$D11*등급!$E$10 -> 0.0975 | Q11: =$D11*등급!$E$11 -> 0.10075 | R11: =$D11*등급!$E$12 -> 0.1027 | S11: =(C11+D11)/2*100*스탯!$D$13 -> 1.1
A12: cdr | B12: 쿨타임 감소 | C12: 0.035 | D12: 0.05 | E12: 6 | F12: 갑옷 · 목걸이 · 소울 메달 | G12: =$C12*등급!$E$7 -> 0.035 | H12: =$C12*등급!$E$8 -> 0.04025 | I12: =$C12*등급!$E$9 -> 0.0455 | J12: =$C12*등급!$E$10 -> 0.0525 | K12: =$C12*등급!$E$11 -> 0.05425 | L12: =$C12*등급!$E$12 -> 0.0553 | M12: =$D12*등급!$E$7 -> 0.05 | N12: =$D12*등급!$E$8 -> 0.0575 | O12: =$D12*등급!$E$9 -> 0.065 | P12: =$D12*등급!$E$10 -> 0.075 | Q12: =$D12*등급!$E$11 -> 0.0775 | R12: =$D12*등급!$E$12 -> 0.079 | S12: =(C12+D12)/2*100*스탯!$D$14 -> 1.4875
A13: heal | B13: 회복량 | C13: 0.06 | D13: 0.09 | E13: 6 | F13: 무기 · 갑옷 · 목걸이 · 소울 메달 | G13: =$C13*등급!$E$7 -> 0.06 | H13: =$C13*등급!$E$8 -> 0.069 | I13: =$C13*등급!$E$9 -> 0.078 | J13: =$C13*등급!$E$10 -> 0.09 | K13: =$C13*등급!$E$11 -> 0.093 | L13: =$C13*등급!$E$12 -> 0.0948 | M13: =$D13*등급!$E$7 -> 0.09 | N13: =$D13*등급!$E$8 -> 0.1035 | O13: =$D13*등급!$E$9 -> 0.117 | P13: =$D13*등급!$E$10 -> 0.135 | Q13: =$D13*등급!$E$11 -> 0.1395 | R13: =$D13*등급!$E$12 -> 0.1422 | S13: =(C13+D13)/2*100*스탯!$D$15 -> 1.5
A14: ultgain | B14: 필살기 충전 | C14: 0.07 | D14: 0.1 | E14: 6 | F14: 전 부위 | G14: =$C14*등급!$E$7 -> 0.07 | H14: =$C14*등급!$E$8 -> 0.0805 | I14: =$C14*등급!$E$9 -> 0.091 | J14: =$C14*등급!$E$10 -> 0.105 | K14: =$C14*등급!$E$11 -> 0.1085 | L14: =$C14*등급!$E$12 -> 0.1106 | M14: =$D14*등급!$E$7 -> 0.1 | N14: =$D14*등급!$E$8 -> 0.115 | O14: =$D14*등급!$E$9 -> 0.13 | P14: =$D14*등급!$E$10 -> 0.15 | Q14: =$D14*등급!$E$11 -> 0.155 | R14: =$D14*등급!$E$12 -> 0.158 | S14: =(C14+D14)/2*100*스탯!$D$16 -> 1.02
A15: mspd | B15: 이동 속도 | C15: 0.1 | D15: 0.15 | E15: 4 | F15: 갑옷 · 벨트 | G15: =$C15*등급!$E$7 -> 0.1 | H15: =$C15*등급!$E$8 -> 0.115 | I15: =$C15*등급!$E$9 -> 0.13 | J15: =$C15*등급!$E$10 -> 0.15 | K15: =$C15*등급!$E$11 -> 0.155 | L15: =$C15*등급!$E$12 -> 0.158 | M15: =$D15*등급!$E$7 -> 0.15 | N15: =$D15*등급!$E$8 -> 0.1725 | O15: =$D15*등급!$E$9 -> 0.195 | P15: =$D15*등급!$E$10 -> 0.225 | Q15: =$D15*등급!$E$11 -> 0.2325 | R15: =$D15*등급!$E$12 -> 0.237 | S15: =(C15+D15)/2*100*스탯!$D$17 -> 1
A16: dotdmg | B16: 지속 피해 | C16: 0.15 | D16: 0.22 | E16: 5 | F16: 무기 · 반지 · 소울 메달 | G16: =$C16*등급!$E$7 -> 0.15 | H16: =$C16*등급!$E$8 -> 0.1725 | I16: =$C16*등급!$E$9 -> 0.195 | J16: =$C16*등급!$E$10 -> 0.225 | K16: =$C16*등급!$E$11 -> 0.2325 | L16: =$C16*등급!$E$12 -> 0.237 | M16: =$D16*등급!$E$7 -> 0.22 | N16: =$D16*등급!$E$8 -> 0.253 | O16: =$D16*등급!$E$9 -> 0.286 | P16: =$D16*등급!$E$10 -> 0.33 | Q16: =$D16*등급!$E$11 -> 0.341 | R16: =$D16*등급!$E$12 -> 0.3476 | S16: =(C16+D16)/2*100*스탯!$D$18 -> 1.11
A17: ccdur | B17: 기절·도발 지속 | C17: 0.12 | D17: 0.18 | E17: 7 | F17: 무기 · 갑옷 · 소울 메달 · 벨트 | G17: =$C17*등급!$E$7 -> 0.12 | H17: =$C17*등급!$E$8 -> 0.138 | I17: =$C17*등급!$E$9 -> 0.156 | J17: =$C17*등급!$E$10 -> 0.18 | K17: =$C17*등급!$E$11 -> 0.186 | L17: =$C17*등급!$E$12 -> 0.1896 | M17: =$D17*등급!$E$7 -> 0.18 | N17: =$D17*등급!$E$8 -> 0.207 | O17: =$D17*등급!$E$9 -> 0.234 | P17: =$D17*등급!$E$10 -> 0.27 | Q17: =$D17*등급!$E$11 -> 0.279 | R17: =$D17*등급!$E$12 -> 0.2844 | S17: =(C17+D17)/2*100*스탯!$D$19 -> 1.5
A18: breakdmg | B18: 그로기 피해 | C18: 0.12 | D18: 0.18 | E18: 9 | F18: 전 부위 | G18: =$C18*등급!$E$7 -> 0.12 | H18: =$C18*등급!$E$8 -> 0.138 | I18: =$C18*등급!$E$9 -> 0.156 | J18: =$C18*등급!$E$10 -> 0.18 | K18: =$C18*등급!$E$11 -> 0.186 | L18: =$C18*등급!$E$12 -> 0.1896 | M18: =$D18*등급!$E$7 -> 0.18 | N18: =$D18*등급!$E$8 -> 0.207 | O18: =$D18*등급!$E$9 -> 0.234 | P18: =$D18*등급!$E$10 -> 0.27 | Q18: =$D18*등급!$E$11 -> 0.279 | R18: =$D18*등급!$E$12 -> 0.2844 | S18: =(C18+D18)/2*100*스탯!$D$20 -> 1.5
A19: vsbroken | B19: 그로기 적 피해 | C19: 0.12 | D19: 0.18 | E19: 8 | F19: 무기 · 반지 · 목걸이 · 소울 메달 | G19: =$C19*등급!$E$7 -> 0.12 | H19: =$C19*등급!$E$8 -> 0.138 | I19: =$C19*등급!$E$9 -> 0.156 | J19: =$C19*등급!$E$10 -> 0.18 | K19: =$C19*등급!$E$11 -> 0.186 | L19: =$C19*등급!$E$12 -> 0.1896 | M19: =$D19*등급!$E$7 -> 0.18 | N19: =$D19*등급!$E$8 -> 0.207 | O19: =$D19*등급!$E$9 -> 0.234 | P19: =$D19*등급!$E$10 -> 0.27 | Q19: =$D19*등급!$E$11 -> 0.279 | R19: =$D19*등급!$E$12 -> 0.2844 | S19: =(C19+D19)/2*100*스탯!$D$23 -> 1.5
A21: 1줄 전투력 = R 평균값(%p) × 전투력 가중치. 딜 옵션(공격력% 등) ≈ 1.1, 생존·공략 옵션 ≈ 1.5 — 딜찍누 억제를 위해 의도적으로 딜 옵션을 낮게 책정.

Sheet 직업특성스탯
A1: 직업 특성 스탯 (L·E 전용)
A2: L: 0~1개(스킬 보너스와 택1), E: 1개. E = L (상한 초과 누적 방지를 위해 동일 값)
A4: 직업 | B4: 캐릭터 | C4: 특성 스탯 | D4: L 값 | E4: E 값 | F4: 기본 공격력 | G4: 기본 체력
A5: 탱커 | B5: 토비 | C5: 받는 피해 감소 | D5: 0.02 | E5: =D5 -> 0.02 | F5: 22 | G5: 520
A6: 근딜 | B6: 단비 | C6: 치명타 피해 | D6: 0.09 | E6: =D6 -> 0.09 | F6: 40 | G6: 300
A7: 원딜 | B7: 별비 | C7: 치명타 확률 | D7: 0.025 | E7: =D7 -> 0.025 | F7: 36 | G7: 260
A8: 매지션 | B8: 솔담 | C8: 스킬 피해 | D8: 0.045 | E8: =D8 -> 0.045 | F8: 44 | G8: 240
A9: 서포터 | B9: 보리 | C9: 회복량 | D9: 0.06 | E9: =D9 -> 0.06 | F9: 16 | G9: 280

Sheet 스킬보너스
A1: 스킬 보너스 (L·E 전용)
A2: E 값 = ROUND(L × E 배율). 단, 횟수·초 단위 효과는 직접 지정(파란 글씨). 직업 전용 + 공통 풀에서 뽑힘.
A3: E 배율 | B3: 1.15
A4: 직업 | B4: 키 | C4: 효과 | D4: L 값 | E4: E 값 | F4: 단위 | G4: E/L
A5: 탱커 | B5: s1_power | C5: ① 도발 중 받는 피해 감소 +[값]%p | D5: 4 | E5: =ROUND(D5*$B$3,0) -> 5 | F5: %p | G5: =E5/D5 -> 1.25
A6: 탱커 | B6: s1_cd | C6: ① 도발 쿨타임 -[값]% | D6: 10 | E6: =ROUND(D6*$B$3,0) -> 12 | F6: % | G6: =E6/D6 -> 1.2
A7: 탱커 | B7: s2_power | C7: ② 방패 강타 위력 +[값]% | D7: 15 | E7: =ROUND(D7*$B$3,0) -> 17 | F7: % | G7: =E7/D7 -> 1.1333333
A8: 탱커 | B8: s2_cd | C8: ② 방패 강타 쿨타임 -[값]% | D8: 10 | E8: =ROUND(D8*$B$3,0) -> 12 | F8: % | G8: =E8/D8 -> 1.2
A9: 탱커 | B9: ult_power | C9: ③ 철벽 피해 감소 +[값]%p | D9: 5 | E9: =ROUND(D9*$B$3,0) -> 6 | F9: %p | G9: =E9/D9 -> 1.2
A10: 탱커 | B10: ult_dur | C10: ③ 철벽 지속 +[값]초 | D10: 1 | E10: 1.1 | F10: 초 | G10: =E10/D10 -> 1.1
A11: 근딜 | B11: s1_power | C11: ① 급소 베기 위력 +[값]% | D11: 15 | E11: =ROUND(D11*$B$3,0) -> 17 | F11: % | G11: =E11/D11 -> 1.1333333
A12: 근딜 | B12: s1_cd | C12: ① 급소 베기 쿨타임 -[값]% | D12: 10 | E12: =ROUND(D12*$B$3,0) -> 12 | F12: % | G12: =E12/D12 -> 1.2
A13: 근딜 | B13: s2_power | C13: ② 회전 베기 위력 +[값]% | D13: 15 | E13: =ROUND(D13*$B$3,0) -> 17 | F13: % | G13: =E13/D13 -> 1.1333333
A14: 근딜 | B14: s2_cd | C14: ② 회전 베기 쿨타임 -[값]% | D14: 10 | E14: =ROUND(D14*$B$3,0) -> 12 | F14: % | G14: =E14/D14 -> 1.2
A15: 근딜 | B15: ult_power | C15: ③ 난도질 위력 +[값]% | D15: 15 | E15: =ROUND(D15*$B$3,0) -> 17 | F15: % | G15: =E15/D15 -> 1.1333333
A16: 근딜 | B16: ult_hits | C16: ③ 난도질 타수 +[값] | D16: 1 | E16: 2 | F16: 회 | G16: =E16/D16 -> 2
A17: 원딜 | B17: s1_power | C17: ① 관통 사격 위력 +[값]% | D17: 15 | E17: =ROUND(D17*$B$3,0) -> 17 | F17: % | G17: =E17/D17 -> 1.1333333
A18: 원딜 | B18: s1_cd | C18: ① 관통 사격 쿨타임 -[값]% | D18: 10 | E18: =ROUND(D18*$B$3,0) -> 12 | F18: % | G18: =E18/D18 -> 1.2
A19: 원딜 | B19: s2_power | C19: ② 화살비 위력 +[값]% | D19: 15 | E19: =ROUND(D19*$B$3,0) -> 17 | F19: % | G19: =E19/D19 -> 1.1333333
A20: 원딜 | B20: s2_cd | C20: ② 화살비 쿨타임 -[값]% | D20: 10 | E20: =ROUND(D20*$B$3,0) -> 12 | F20: % | G20: =E20/D20 -> 1.2
A21: 원딜 | B21: ult_power | C21: ③ 집중 사격 위력 +[값]% | D21: 15 | E21: =ROUND(D21*$B$3,0) -> 17 | F21: % | G21: =E21/D21 -> 1.1333333
A22: 원딜 | B22: ult_gain | C22: ③ 필살기 충전 +[값]% | D22: 12 | E22: =ROUND(D22*$B$3,0) -> 14 | F22: % | G22: =E22/D22 -> 1.1666667
A23: 매지션 | B23: s1_power | C23: ① 별빛 탄 위력 +[값]% | D23: 15 | E23: =ROUND(D23*$B$3,0) -> 17 | F23: % | G23: =E23/D23 -> 1.1333333
A24: 매지션 | B24: s1_cd | C24: ① 별빛 탄 쿨타임 -[값]% | D24: 10 | E24: =ROUND(D24*$B$3,0) -> 12 | F24: % | G24: =E24/D24 -> 1.2
A25: 매지션 | B25: s2_power | C25: ② 유성우 위력 +[값]% | D25: 15 | E25: =ROUND(D25*$B$3,0) -> 17 | F25: % | G25: =E25/D25 -> 1.1333333
A26: 매지션 | B26: s2_cd | C26: ② 유성우 쿨타임 -[값]% | D26: 10 | E26: =ROUND(D26*$B$3,0) -> 12 | F26: % | G26: =E26/D26 -> 1.2
A27: 매지션 | B27: ult_power | C27: ③ 대마법 위력 +[값]% | D27: 15 | E27: =ROUND(D27*$B$3,0) -> 17 | F27: % | G27: =E27/D27 -> 1.1333333
A28: 매지션 | B28: ult_gain | C28: ③ 필살기 충전 +[값]% | D28: 12 | E28: =ROUND(D28*$B$3,0) -> 14 | F28: % | G28: =E28/D28 -> 1.1666667
... A33: 서포터 | B33: ult_power | C33: ③ 생명의 나무 회복량 +[값]% | D33: 15 | E33: =ROUND(D33*$B$3,0) -> 17 | F33: % | G33: =E33/D33 -> 1.1333333
A34: 서포터 | B34: ult_dur | C34: ③ 생명의 나무 지속 +[값]초 | D34: 1 | E34: 1.1 | F34: 초 | G34: =E34/D34 -> 1.1
A35: 공통 | B35: s1_power | C35: ① 기본 스킬 위력·회복 +[값]% | D35: 10 | E35: =ROUND(D35*$B$3,0) -> 12 | F35: % | G35: =E35/D35 -> 1.2
A36: 공통 | B36: s2_power | C36: ② 상황 스킬 위력·회복 +[값]% | D36: 10 | E36: =ROUND(D36*$B$3,0) -> 12 | F36: % | G36: =E36/D36 -> 1.2
A37: 공통 | B37: ult_power | C37: ③ 필살기 위력·회복 +[값]% | D37: 10 | E37: =ROUND(D37*$B$3,0) -> 12 | F37: % | G37: =E37/D37 -> 1.2
A38: 공통 | B38: s1_cd | C38: ① 기본 스킬 쿨타임 -[값]% | D38: 7 | E38: =ROUND(D38*$B$3,0) -> 8 | F38: % | G38: =E38/D38 -> 1.1428571
A39: 공통 | B39: s2_cd | C39: ② 상황 스킬 쿨타임 -[값]% | D39: 7 | E39: =ROUND(D39*$B$3,0) -> 8 | F39: % | G39: =E39/D39 -> 1.1428571
A40: 공통 | B40: ult_gain | C40: ③ 필살기 충전 +[값]% | D40: 8 | E40: =ROUND(D40*$B$3,0) -> 9 | F40: % | G40: =E40/D40 -> 1.125

Sheet 보석
A1: 보석 (스테이지 보스 보상)
A2: 주 효과 = 기본값 × 보석 수치 배율. 2·3번째 효과 = 다른 보석 효과 또는 스킬 효과, 값 × 추가 효과 비율.
A3: 추가 효과 비율 | B3: 0.6
A4: 키 | B4: 보석 | C4: 효과 스탯 | D4: 기본값 | E4: UC | F4: C | G4: R | H4: SR | I4: SSR | J4: UR | K4: L | L4: E
A5: ruby | B5: 루비 | C5: 공격력% | D5: 0.008 | E5: =$D5*등급!$N$5 -> 0.008 | F5: =$D5*등급!$N$6 -> 0.01 | G5: =$D5*등급!$N$7 -> 0.012 | H5: =$D5*등급!$N$8 -> 0.0144 | I5: =$D5*등급!$N$9 -> 0.0168 | J5: =$D5*등급!$N$10 -> 0.0192 | K5: =$D5*등급!$N$11 -> 0.0212 | L5: =$D5*등급!$N$12 -> 0.0232
A6: sapphire | B6: 사파이어 | C6: 체력% | D6: 0.01 | E6: =$D6*등급!$N$5 -> 0.01 | F6: =$D6*등급!$N$6 -> 0.0125 | G6: =$D6*등급!$N$7 -> 0.015 | H6: =$D6*등급!$N$8 -> 0.018 | I6: =$D6*등급!$N$9 -> 0.021 | J6: =$D6*등급!$N$10 -> 0.024 | K6: =$D6*등급!$N$11 -> 0.0265 | L6: =$D6*등급!$N$12 -> 0.029
A7: emerald | B7: 에메랄드 | C7: 쿨타임 감소 | D7: 0.004 | E7: =$D7*등급!$N$5 -> 0.004 | F7: =$D7*등급!$N$6 -> 0.005 | G7: =$D7*등급!$N$7 -> 0.006 | H7: =$D7*등급!$N$8 -> 0.0072 | I7: =$D7*등급!$N$9 -> 0.0084 | J7: =$D7*등급!$N$10 -> 0.0096 | K7: =$D7*등급!$N$11 -> 0.0106 | L7: =$D7*등급!$N$12 -> 0.0116
A8: topaz | B8: 토파즈 | C8: 치명타 확률 | D8: 0.0045 | E8: =$D8*등급!$N$5 -> 0.0045 | F8: =$D8*등급!$N$6 -> 0.005625 | G8: =$D8*등급!$N$7 -> 0.00675 | H8: =$D8*등급!$N$8 -> 0.0081 | I8: =$D8*등급!$N$9 -> 0.00945 | J8: =$D8*등급!$N$10 -> 0.0108 | K8: =$D8*등급!$N$11 -> 0.011925 | L8: =$D8*등급!$N$12 -> 0.01305
A9: amethyst | B9: 자수정 | C9: 스킬 피해 | D9: 0.008 | E9: =$D9*등급!$N$5 -> 0.008 | F9: =$D9*등급!$N$6 -> 0.01 | G9: =$D9*등급!$N$7 -> 0.012 | H9: =$D9*등급!$N$8 -> 0.0144 | I9: =$D9*등급!$N$9 -> 0.0168 | J9: =$D9*등급!$N$10 -> 0.0192 | K9: =$D9*등급!$N$11 -> 0.0212 | L9: =$D9*등급!$N$12 -> 0.0232
A10: diamond | B10: 다이아 | C10: 받는 피해 감소 | D10: 0.0035 | E10: =$D10*등급!$N$5 -> 0.0035 | F10: =$D10*등급!$N$6 -> 0.004375 | G10: =$D10*등급!$N$7 -> 0.00525 | H10: =$D10*등급!$N$8 -> 0.0063 | I10: =$D10*등급!$N$9 -> 0.00735 | J10: =$D10*등급!$N$10 -> 0.0084 | K10: =$D10*등급!$N$11 -> 0.009275 | L10: =$D10*등급!$N$12 -> 0.01015
A11: opal | B11: 오팔 | C11: 필살기 충전 | D11: 0.01 | E11: =$D11*등급!$N$5 -> 0.01 | F11: =$D11*등급!$N$6 -> 0.0125 | G11: =$D11*등급!$N$7 -> 0.015 | H11: =$D11*등급!$N$8 -> 0.018 | I11: =$D11*등급!$N$9 -> 0.021 | J11: =$D11*등급!$N$10 -> 0.024 | K11: =$D11*등급!$N$11 -> 0.0265 | L11: =$D11*등급!$N$12 -> 0.029
A12: pearl | B12: 진주 | C12: 회복량 | D12: 0.01 | E12: =$D12*등급!$N$5 -> 0.01 | F12: =$D12*등급!$N$6 -> 0.0125 | G12: =$D12*등급!$N$7 -> 0.015 | H12: =$D12*등급!$N$8 -> 0.018 | I12: =$D12*등급!$N$9 -> 0.021 | J12: =$D12*등급!$N$10 -> 0.024 | K12: =$D12*등급!$N$11 -> 0.0265 | L12: =$D12*등급!$N$12 -> 0.029
A13: obsidian | B13: 흑요석 | C13: 그로기 피해 | D13: 0.018 | E13: =$D13*등급!$N$5 -> 0.018 | F13: =$D13*등급!$N$6 -> 0.0225 | G13: =$D13*등급!$N$7 -> 0.027 | H13: =$D13*등급!$N$8 -> 0.0324 | I13: =$D13*등급!$N$9 -> 0.0378 | J13: =$D13*등급!$N$10 -> 0.0432 | K13: =$D13*등급!$N$11 -> 0.0477 | L13: =$D13*등급!$N$12 -> 0.0522
A15: 스킬 효과(추가 효과 전용)
A16: 키 | B16: 효과 | D16: 기본값 | E16: UC | F16: C | G16: R | H16: SR | I16: SSR | J16: UR | K16: L | L16: E
A17: s1_power | B17: ① 기본 스킬 위력 | D17: 0.03 | E17: =$D17*등급!$N$5*$B$3 -> 0.018 | F17: =$D17*등급!$N$6*$B$3 -> 0.0225 | G17: =$D17*등급!$N$7*$B$3 -> 0.027 | H17: =$D17*등급!$N$8*$B$3 -> 0.0324 | I17: =$D17*등급!$N$9*$B$3 -> 0.0378 | J17: =$D17*등급!$N$10*$B$3 -> 0.0432 | K17: =$D17*등급!$N$11*$B$3 -> 0.0477 | L17: =$D17*등급!$N$12*$B$3 -> 0.0522
A18: s2_power | B18: ② 상황 스킬 위력 | D18: 0.03 | E18: =$D18*등급!$N$5*$B$3 -> 0.018 | F18: =$D18*등급!$N$6*$B$3 -> 0.0225 | G18: =$D18*등급!$N$7*$B$3 -> 0.027 | H18: =$D18*등급!$N$8*$B$3 -> 0.0324 | I18: =$D18*등급!$N$9*$B$3 -> 0.0378 | J18: =$D18*등급!$N$10*$B$3 -> 0.0432 | K18: =$D18*등급!$N$11*$B$3 -> 0.0477 | L18: =$D18*등급!$N$12*$B$3 -> 0.0522
A19: ult_power | B19: ③ 필살기 위력 | D19: 0.03 | E19: =$D19*등급!$N$5*$B$3 -> 0.018 | F19: =$D19*등급!$N$6*$B$3 -> 0.0225 | G19: =$D19*등급!$N$7*$B$3 -> 0.027 | H19: =$D19*등급!$N$8*$B$3 -> 0.0324 | I19: =$D19*등급!$N$9*$B$3 -> 0.0378 | J19: =$D19*등급!$N$10*$B$3 -> 0.0432 | K19: =$D19*등급!$N$11*$B$3 -> 0.0477 | L19: =$D19*등급!$N$12*$B$3 -> 0.0522
A21: 효과 개수 | E21: =등급!$M$5 -> 1 | F21: =등급!$M$6 -> 1 | G21: =등급!$M$7 -> 1 | H21: =등급!$M$8 -> 2 | I21: =등급!$M$9 -> 2 | J21: =등급!$M$10 -> 2 | K21: =등급!$M$11 -> 3 | L21: =등급!$M$12 -> 3

Sheet 난이도
A1: 난이도 단계 (영구 장비 성장 대응)
A2: 적 배율 = 권장 등급 풀세트로 기믹 공략 시 승률 85%가 되는 지점 (시뮬 보정 → 로그 회귀)
A4: 단계 | B4: 이름 | C4: 적 체력 배율 | D4: 적 공격력 배율 | E4: 권장 장비 | F4: 보정 실측(85% 지점) | G4: 회귀 곡선 | H4: 전 단계 대비
A5: 1 | B5: 견습 | C5: 1.51 | D5: =C5 -> 1.51 | E5: UC | F5: 1.51 | G5: 1.39 | H5: -
A6: 2 | B6: 숙련 | C6: 1.6 | D6: =C6 -> 1.6 | E6: C | F6: 1.6 | G6: 1.549 | H6: =C6/C5-1 -> 0.059602649
A7: 3 | B7: 정예 | C7: 1.74 | D7: =C7 -> 1.74 | E7: R | F7: 1.743 | G7: 1.805 | H7: =C7/C6-1 -> 0.0875
A8: 4 | B8: 영웅 | C8: 2.07 | D8: =C8 -> 2.07 | E8: SR | F8: 2.067 | G8: 2.193 | H8: =C8/C7-1 -> 0.18965517
A9: 5 | B9: 전설 | C9: 2.52 | D9: =C9 -> 2.52 | E9: SSR | F9: 2.516 | G9: 2.691 | H9: =C9/C8-1 -> 0.2173913
A10: 6 | B10: 신화 | C10: 3.09 | D10: =C10 -> 3.09 | E10: UR | F10: 3.091 | G10: 3.363 | H10: =C10/C9-1 -> 0.22619048
A11: 7 | B11: 고대 | C11: 4.19 | D11: =C11 -> 4.19 | E11: L | F11: 4.187 | G11: 4.021 | H11: =C11/C10-1 -> 0.35598706
A12: 8 | B12: 태초 | C12: 5.1 | D12: =C12 -> 5.1 | E12: E | F12: 5.104 | G12: 4.666 | H12: =C12/C11-1 -> 0.21718377
A14: 배율 1.00 = 데모 기본 던전(장비 없음). 견습(T1)부터 장비를 갖춘 원정대를 가정.

Sheet 드랍테이블
A1: 드랍 테이블 (등급 확률)
A2: 가중치(입력) → 확률(수식). 출처별 중심 등급: 일반 -0.6, 정예 +0.4, 보스 +1.0, 상점 -1.0 (난이도 단계 기준).
A4: 일반 전투 보상(3택1 중 장비 카드)
A5: 난이도 | B5: UC 가중치 | C5: C 가중치 | D5: R 가중치 | E5: SR 가중치 | F5: SSR 가중치 | G5: UR 가중치 | H5: L 가중치 | I5: E 가중치 | J5: UC 확률 | K5: C 확률 | L5: R 확률 | M5: SR 확률 | N5: SSR 확률 | O5: UR 확률 | P5: L 확률 | Q5: E 확률
A6: T1 | B6: 75.81 | C6: 13.96 | D6: 0.55 | E6: 0 | F6: 0 | G6: 0 | H6: 0 | I6: 0 | J6: =IF(SUM($B6:$I6)=0,0,B6/SUM($B6:$I6)) -> 0.83934898 | K6: =IF(SUM($B6:$I6)=0,0,C6/SUM($B6:$I6)) -> 0.15456156 | L6: =IF(SUM($B6:$I6)=0,0,D6/SUM($B6:$I6)) -> 0.0060894597 | M6: =IF(SUM($B6:$I6)=0,0,E6/SUM($B6:$I6)) -> 0 | N6: =IF(SUM($B6:$I6)=0,0,F6/SUM($B6:$I6)) -> 0 | O6: =IF(SUM($B6:$I6)=0,0,G6/SUM($B6:$I6)) -> 0 | P6: =IF(SUM($B6:$I6)=0,0,H6/SUM($B6:$I6)) -> 0 | Q6: =IF(SUM($B6:$I6)=0,0,I6/SUM($B6:$I6)) -> 0
A7: T2 | B7: 88.42 | C7: 75.81 | D7: 13.96 | E7: 0.55 | F7: 0 | G7: 0 | H7: 0 | I7: 0 | J7: =IF(SUM($B7:$I7)=0,0,B7/SUM($B7:$I7)) -> 0.49468502 | K7: =IF(SUM($B7:$I7)=0,0,C7/SUM($B7:$I7)) -> 0.42413562 | L7: =IF(SUM($B7:$I7)=0,0,D7/SUM($B7:$I7)) -> 0.078102271 | M7: =IF(SUM($B7:$I7)=0,0,E7/SUM($B7:$I7)) -> 0.0030770952 | N7: =IF(SUM($B7:$I7)=0,0,F7/SUM($B7:$I7)) -> 0 | O7: =IF(SUM($B7:$I7)=0,0,G7/SUM($B7:$I7)) -> 0 | P7: =IF(SUM($B7:$I7)=0,0,H7/SUM($B7:$I7)) -> 0 | Q7: =IF(SUM($B7:$I7)=0,0,I7/SUM($B7:$I7)) -> 0
A8: T3 | B8: 22.15 | C8: 88.42 | D8: 75.81 | E8: 13.96 | F8: 0.55 | G8: 0 | H8: 0 | I8: 0 | J8: =IF(SUM($B8:$I8)=0,0,B8/SUM($B8:$I8)) -> 0.11025935 | K8: =IF(SUM($B8:$I8)=0,0,C8/SUM($B8:$I8)) -> 0.44014137 | L8: =IF(SUM($B8:$I8)=0,0,D8/SUM($B8:$I8)) -> 0.3773707 | M8: =IF(SUM($B8:$I8)=0,0,E8/SUM($B8:$I8)) -> 0.069490766 | N8: =IF(SUM($B8:$I8)=0,0,F8/SUM($B8:$I8)) -> 0.0027378167 | O8: =IF(SUM($B8:$I8)=0,0,G8/SUM($B8:$I8)) -> 0 | P8: =IF(SUM($B8:$I8)=0,0,H8/SUM($B8:$I8)) -> 0 | Q8: =IF(SUM($B8:$I8)=0,0,I8/SUM($B8:$I8)) -> 0
A9: T4 | B9: 1.19 | C9: 22.15 | D9: 88.42 | E9: 75.81 | F9: 13.96 | G9: 0.55 | H9: 0 | I9: 0 | J9: =IF(SUM($B9:$I9)=0,0,B9/SUM($B9:$I9)) -> 0.0058887569 | K9: =IF(SUM($B9:$I9)=0,0,C9/SUM($B9:$I9)) -> 0.10961006 | L9: =IF(SUM($B9:$I9)=0,0,D9/SUM($B9:$I9)) -> 0.43754949 | M9: =IF(SUM($B9:$I9)=0,0,E9/SUM($B9:$I9)) -> 0.37514846 | N9: =IF(SUM($B9:$I9)=0,0,F9/SUM($B9:$I9)) -> 0.069081552 | O9: =IF(SUM($B9:$I9)=0,0,G9/SUM($B9:$I9)) -> 0.0027216944 | P9: =IF(SUM($B9:$I9)=0,0,H9/SUM($B9:$I9)) -> 0 | Q9: =IF(SUM($B9:$I9)=0,0,I9/SUM($B9:$I9)) -> 0
A10: T5 | B10: 0.01 | C10: 1.19 | D10: 22.15 | E10: 88.42 | F10: 75.81 | G10: 13.96 | H10: 0.08 | I10: 0 | J10: =IF(SUM($B10:$I10)=0,0,B10/SUM($B10:$I10)) -> 4.9598254e-05 | K10: =IF(SUM($B10:$I10)=0,0,C10/SUM($B10:$I10)) -> 0.0059021922 | L10: =IF(SUM($B10:$I10)=0,0,D10/SUM($B10:$I10)) -> 0.10986013 | M10: =IF(SUM($B10:$I10)=0,0,E10/SUM($B10:$I10)) -> 0.43854776 | N10: =IF(SUM($B10:$I10)=0,0,F10/SUM($B10:$I10)) -> 0.37600436 | O10: =IF(SUM($B10:$I10)=0,0,G10/SUM($B10:$I10)) -> 0.069239163 | P10: =IF(SUM($B10:$I10)=0,0,H10/SUM($B10:$I10)) -> 0.00039678603 | Q10: =IF(SUM($B10:$I10)=0,0,I10/SUM($B10:$I10)) -> 0
A11: T6 | B11: 0 | C11: 0.01 | D11: 1.19 | E11: 22.15 | F11: 88.42 | G11: 75.81 | H11: 2.09 | I11: 0 | J11: =IF(SUM($B11:$I11)=0,0,B11/SUM($B11:$I11)) -> 0 | K11: =IF(SUM($B11:$I11)=0,0,C11/SUM($B11:$I11)) -> 5.2723151e-05 | L11: =IF(SUM($B11:$I11)=0,0,D11/SUM($B11:$I11)) -> 0.0062740549 | M11: =IF(SUM($B11:$I11)=0,0,E11/SUM($B11:$I11)) -> 0.11678178 | N11: =IF(SUM($B11:$I11)=0,0,F11/SUM($B11:$I11)) -> 0.4661781 | O11: =IF(SUM($B11:$I11)=0,0,G11/SUM($B11:$I11)) -> 0.39969421 | P11: =IF(SUM($B11:$I11)=0,0,H11/SUM($B11:$I11)) -> 0.011019139 | Q11: =IF(SUM($B11:$I11)=0,0,I11/SUM($B11:$I11)) -> 0
A12: T7 | B12: 0 | C12: 0 | D12: 0.01 | E12: 1.19 | F12: 22.15 | G12: 88.42 | H12: 11.37 | I12: 0 | J12: =IF(SUM($B12:$I12)=0,0,B12/SUM($B12:$I12)) -> 0 | K12: =IF(SUM($B12:$I12)=0,0,C12/SUM($B12:$I12)) -> 0 | L12: =IF(SUM($B12:$I12)=0,0,D12/SUM($B12:$I12)) -> 8.1208381e-05 | M12: =IF(SUM($B12:$I12)=0,0,E12/SUM($B12:$I12)) -> 0.0096637973 | N12: =IF(SUM($B12:$I12)=0,0,F12/SUM($B12:$I12)) -> 0.17987656 | O12: =IF(SUM($B12:$I12)=0,0,G12/SUM($B12:$I12)) -> 0.7180445 | P12: =IF(SUM($B12:$I12)=0,0,H12/SUM($B12:$I12)) -> 0.092333929 | Q12: =IF(SUM($B12:$I12)=0,0,I12/SUM($B12:$I12)) -> 0
A13: T8 | B13: 0 | C13: 0 | D13: 0 | E13: 0.01 | F13: 1.19 | G13: 22.15 | H13: 13.26 | I13: 0 | J13: =IF(SUM($B13:$I13)=0,0,B13/SUM($B13:$I13)) -> 0 | K13: =IF(SUM($B13:$I13)=0,0,C13/SUM($B13:$I13)) -> 0 | L13: =IF(SUM($B13:$I13)=0,0,D13/SUM($B13:$I13)) -> 0 | M13: =IF(SUM($B13:$I13)=0,0,E13/SUM($B13:$I13)) -> 0.00027314941 | N13: =IF(SUM($B13:$I13)=0,0,F13/SUM($B13:$I13)) -> 0.03250478 | O13: =IF(SUM($B13:$I13)=0,0,G13/SUM($B13:$I13)) -> 0.60502595 | P13: =IF(SUM($B13:$I13)=0,0,H13/SUM($B13:$I13)) -> 0.36219612 | Q13: =IF(SUM($B13:$I13)=0,0,I13/SUM($B13:$I13)) -> 0
A15: 정예 처치
A16: 난이도 | B16: UC 가중치 | C16: C 가중치 | D16: R 가중치 | E16: SR 가중치 | F16: SSR 가중치 | G16: UR 가중치 | H16: L 가중치 | I16: E 가중치 | J16: UC 확률 | K16: C 확률 | L16: R 확률 | M16: SR 확률 | N16: SSR 확률 | O16: UR 확률 | P16: L 확률 | Q16: E 확률
A17: T1 | B17: 88.42 | C17: 75.81 | D17: 13.96 | E17: 0.55 | F17: 0 | G17: 0 | H17: 0 | I17: 0 | J17: =IF(SUM($B17:$I17)=0,0,B17/SUM($B17:$I17)) -> 0.49468502 | K17: =IF(SUM($B17:$I17)=0,0,C17/SUM($B17:$I17)) -> 0.42413562 | L17: =IF(SUM($B17:$I17)=0,0,D17/SUM($B17:$I17)) -> 0.078102271 | M17: =IF(SUM($B17:$I17)=0,0,E17/SUM($B17:$I17)) -> 0.0030770952 | N17: =IF(SUM($B17:$I17)=0,0,F17/SUM($B17:$I17)) -> 0 | O17: =IF(SUM($B17:$I17)=0,0,G17/SUM($B17:$I17)) -> 0 | P17: =IF(SUM($B17:$I17)=0,0,H17/SUM($B17:$I17)) -> 0 | Q17: =IF(SUM($B17:$I17)=0,0,I17/SUM($B17:$I17)) -> 0
A18: T2 | B18: 22.15 | C18: 88.42 | D18: 75.81 | E18: 13.96 | F18: 0.55 | G18: 0 | H18: 0 | I18: 0 | J18: =IF(SUM($B18:$I18)=0,0,B18/SUM($B18:$I18)) -> 0.11025935 | K18: =IF(SUM($B18:$I18)=0,0,C18/SUM($B18:$I18)) -> 0.44014137 | L18: =IF(SUM($B18:$I18)=0,0,D18/SUM($B18:$I18)) -> 0.3773707 | M18: =IF(SUM($B18:$I18)=0,0,E18/SUM($B18:$I18)) -> 0.069490766 | N18: =IF(SUM($B18:$I18)=0,0,F18/SUM($B18:$I18)) -> 0.0027378167 | O18: =IF(SUM($B18:$I18)=0,0,G18/SUM($B18:$I18)) -> 0 | P18: =IF(SUM($B18:$I18)=0,0,H18/SUM($B18:$I18)) -> 0 | Q18: =IF(SUM($B18:$I18)=0,0,I18/SUM($B18:$I18)) -> 0
A19: T3 | B19: 1.19 | C19: 22.15 | D19: 88.42 | E19: 75.81 | F19: 13.96 | G19: 0.55 | H19: 0 | I19: 0 | J19: =IF(SUM($B19:$I19)=0,0,B19/SUM($B19:$I19)) -> 0.0058887569 | K19: =IF(SUM($B19:$I19)=0,0,C19/SUM($B19:$I19)) -> 0.10961006 | L19: =IF(SUM($B19:$I19)=0,0,D19/SUM($B19:$I19)) -> 0.43754949 | M19: =IF(SUM($B19:$I19)=0,0,E19/SUM($B19:$I19)) -> 0.37514846 | N19: =IF(SUM($B19:$I19)=0,0,F19/SUM($B19:$I19)) -> 0.069081552 | O19: =IF(SUM($B19:$I19)=0,0,G19/SUM($B19:$I19)) -> 0.0027216944 | P19: =IF(SUM($B19:$I19)=0,0,H19/SUM($B19:$I19)) -> 0 | Q19: =IF(SUM($B19:$I19)=0,0,I19/SUM($B19:$I19)) -> 0
A20: T4 | B20: 0.01 | C20: 1.19 | D20: 22.15 | E20: 88.42 | F20: 75.81 | G20: 13.96 | H20: 0.22 | I20: 0 | J20: =IF(SUM($B20:$I20)=0,0,B20/SUM($B20:$I20)) -> 4.9563838e-05 | K20: =IF(SUM($B20:$I20)=0,0,C20/SUM($B20:$I20)) -> 0.0058980967 | L20: =IF(SUM($B20:$I20)=0,0,D20/SUM($B20:$I20)) -> 0.1097839 | M20: =IF(SUM($B20:$I20)=0,0,E20/SUM($B20:$I20)) -> 0.43824346 | N20: =IF(SUM($B20:$I20)=0,0,F20/SUM($B20:$I20)) -> 0.37574346 | O20: =IF(SUM($B20:$I20)=0,0,G20/SUM($B20:$I20)) -> 0.069191118 | P20: =IF(SUM($B20:$I20)=0,0,H20/SUM($B20:$I20)) -> 0.0010904044 | Q20: =IF(SUM($B20:$I20)=0,0,I20/SUM($B20:$I20)) -> 0
A21: T5 | B21: 0 | C21: 0.01 | D21: 1.19 | E21: 22.15 | F21: 88.42 | G21: 75.81 | H21: 5.58 | I21: 0 | J21: =IF(SUM($B21:$I21)=0,0,B21/SUM($B21:$I21)) -> 0 | K21: =IF(SUM($B21:$I21)=0,0,C21/SUM($B21:$I21)) -> 5.1770553e-05 | L21: =IF(SUM($B21:$I21)=0,0,D21/SUM($B21:$I21)) -> 0.0061606958 | M21: =IF(SUM($B21:$I21)=0,0,E21/SUM($B21:$I21)) -> 0.11467177 | N21: =IF(SUM($B21:$I21)=0,0,F21/SUM($B21:$I21)) -> 0.45775523 | O21: =IF(SUM($B21:$I21)=0,0,G21/SUM($B21:$I21)) -> 0.39247256 | P21: =IF(SUM($B21:$I21)=0,0,H21/SUM($B21:$I21)) -> 0.028887969 | Q21: =IF(SUM($B21:$I21)=0,0,I21/SUM($B21:$I21)) -> 0
A22: T6 | B22: 0 | C22: 0 | D22: 0.01 | E22: 1.19 | F22: 22.15 | G22: 88.42 | H22: 30.33 | I22: 1.12 | J22: =IF(SUM($B22:$I22)=0,0,B22/SUM($B22:$I22)) -> 0 | K22: =IF(SUM($B22:$I22)=0,0,C22/SUM($B22:$I22)) -> 0 | L22: =IF(SUM($B22:$I22)=0,0,D22/SUM($B22:$I22)) -> 6.982265e-05 | M22: =IF(SUM($B22:$I22)=0,0,E22/SUM($B22:$I22)) -> 0.0083088954 | N22: =IF(SUM($B22:$I22)=0,0,F22/SUM($B22:$I22)) -> 0.15465717 | O22: =IF(SUM($B22:$I22)=0,0,G22/SUM($B22:$I22)) -> 0.61737188 | P22: =IF(SUM($B22:$I22)=0,0,H22/SUM($B22:$I22)) -> 0.2117721 | Q22: =IF(SUM($B22:$I22)=0,0,I22/SUM($B22:$I22)) -> 0.0078201369
A23: T7 | B23: 0 | C23: 0 | D23: 0 | E23: 0.01 | F23: 1.19 | G23: 22.15 | H23: 35.37 | I23: 6.07 | J23: =IF(SUM($B23:$I23)=0,0,B23/SUM($B23:$I23)) -> 0 | K23: =IF(SUM($B23:$I23)=0,0,C23/SUM($B23:$I23)) -> 0 | L23: =IF(SUM($B23:$I23)=0,0,D23/SUM($B23:$I23)) -> 0 | M23: =IF(SUM($B23:$I23)=0,0,E23/SUM($B23:$I23)) -> 0.00015434481 | N23: =IF(SUM($B23:$I23)=0,0,F23/SUM($B23:$I23)) -> 0.018367032 | O23: =IF(SUM($B23:$I23)=0,0,G23/SUM($B23:$I23)) -> 0.34187375 | P23: =IF(SUM($B23:$I23)=0,0,H23/SUM($B23:$I23)) -> 0.54591758 | Q23: =IF(SUM($B23:$I23)=0,0,I23/SUM($B23:$I23)) -> 0.093687297
A24: T8 | B24: 0 | C24: 0 | D24: 0 | E24: 0 | F24: 0.01 | G24: 1.19 | H24: 8.86 | I24: 7.07 | J24: =IF(SUM($B24:$I24)=0,0,B24/SUM($B24:$I24)) -> 0 | K24: =IF(SUM($B24:$I24)=0,0,C24/SUM($B24:$I24)) -> 0 | L24: =IF(SUM($B24:$I24)=0,0,D24/SUM($B24:$I24)) -> 0 | M24: =IF(SUM($B24:$I24)=0,0,E24/SUM($B24:$I24)) -> 0 | N24: =IF(SUM($B24:$I24)=0,0,F24/SUM($B24:$I24)) -> 0.00058377116 | O24: =IF(SUM($B24:$I24)=0,0,G24/SUM($B24:$I24)) -> 0.069468768 | P24: =IF(SUM($B24:$I24)=0,0,H24/SUM($B24:$I24)) -> 0.51722125 | Q24: =IF(SUM($B24:$I24)=0,0,I24/SUM($B24:$I24)) -> 0.41272621
A26: 보스 처치(장비 1 + 보석 1)
A27: 난이도 | B27: UC 가중치 | C27: C 가중치 | D27: R 가중치 | E27: SR 가중치 | F27: SSR 가중치 | G27: UR 가중치 | H27: L 가중치 | I27: E 가중치 | J27: UC 확률 | K27: C 확률 | L27: R 확률 | M27: SR 확률 | N27: SSR 확률 | O27: UR 확률 | P27: L 확률 | Q27: E 확률
A28: T1 | B28: 46.34 | C28: 100 | D28: 46.34 | E28: 4.61 | F28: 0.1 | G28: 0 | H28: 0 | I28: 0 | J28: =IF(SUM($B28:$I28)=0,0,B28/SUM($B28:$I28)) -> 0.23476367 | K28: =IF(SUM($B28:$I28)=0,0,C28/SUM($B28:$I28)) -> 0.50661128 | L28: =IF(SUM($B28:$I28)=0,0,D28/SUM($B28:$I28)) -> 0.23476367 | M28: =IF(SUM($B28:$I28)=0,0,E28/SUM($B28:$I28)) -> 0.02335478 | N28: =IF(SUM($B28:$I28)=0,0,F28/SUM($B28:$I28)) -> 0.00050661128 | O28: =IF(SUM($B28:$I28)=0,0,G28/SUM($B28:$I28)) -> 0 | P28: =IF(SUM($B28:$I28)=0,0,H28/SUM($B28:$I28)) -> 0 | Q28: =IF(SUM($B28:$I28)=0,0,I28/SUM($B28:$I28)) -> 0
A29: T2 | B29: 4.61 | C29: 46.34 | D29: 100 | E29: 46.34 | F29: 4.61 | G29: 0.1 | H29: 0 | I29: 0 | J29: =IF(SUM($B29:$I29)=0,0,B29/SUM($B29:$I29)) -> 0.022821782 | K29: =IF(SUM($B29:$I29)=0,0,C29/SUM($B29:$I29)) -> 0.22940594 | L29: =IF(SUM($B29:$I29)=0,0,D29/SUM($B29:$I29)) -> 0.4950495 | M29: =IF(SUM($B29:$I29)=0,0,E29/SUM($B29:$I29)) -> 0.22940594 | N29: =IF(SUM($B29:$I29)=0,0,F29/SUM($B29:$I29)) -> 0.022821782 | O29: =IF(SUM($B29:$I29)=0,0,G29/SUM($B29:$I29)) -> 0.0004950495 | P29: =IF(SUM($B29:$I29)=0,0,H29/SUM($B29:$I29)) -> 0 | Q29: =IF(SUM($B29:$I29)=0,0,I29/SUM($B29:$I29)) -> 0
A30: T3 | B30: 0.1 | C30: 4.61 | D30: 46.34 | E30: 100 | F30: 46.34 | G30: 4.61 | H30: 0 | I30: 0 | J30: =IF(SUM($B30:$I30)=0,0,B30/SUM($B30:$I30)) -> 0.0004950495 | K30: =IF(SUM($B30:$I30)=0,0,C30/SUM($B30:$I30)) -> 0.022821782 | L30: =IF(SUM($B30:$I30)=0,0,D30/SUM($B30:$I30)) -> 0.22940594 | M30: =IF(SUM($B30:$I30)=0,0,E30/SUM($B30:$I30)) -> 0.4950495 | N30: =IF(SUM($B30:$I30)=0,0,F30/SUM($B30:$I30)) -> 0.22940594 | O30: =IF(SUM($B30:$I30)=0,0,G30/SUM($B30:$I30)) -> 0.022821782 | P30: =IF(SUM($B30:$I30)=0,0,H30/SUM($B30:$I30)) -> 0 | Q30: =IF(SUM($B30:$I30)=0,0,I30/SUM($B30:$I30)) -> 0
A31: T4 | B31: 0 | C31: 0.1 | D31: 4.61 | E31: 46.34 | F31: 100 | G31: 46.34 | H31: 3.69 | I31: 0 | J31: =IF(SUM($B31:$I31)=0,0,B31/SUM($B31:$I31)) -> 0 | K31: =IF(SUM($B31:$I31)=0,0,C31/SUM($B31:$I31)) -> 0.0004973145 | L31: =IF(SUM($B31:$I31)=0,0,D31/SUM($B31:$I31)) -> 0.022926199 | M31: =IF(SUM($B31:$I31)=0,0,E31/SUM($B31:$I31)) -> 0.23045554 | N31: =IF(SUM($B31:$I31)=0,0,F31/SUM($B31:$I31)) -> 0.4973145 | O31: =IF(SUM($B31:$I31)=0,0,G31/SUM($B31:$I31)) -> 0.23045554 | P31: =IF(SUM($B31:$I31)=0,0,H31/SUM($B31:$I31)) -> 0.018350905 | Q31: =IF(SUM($B31:$I31)=0,0,I31/SUM($B31:$I31)) -> 0
A32: T5 | B32: 0 | C32: 0 | D32: 0.1 | E32: 4.61 | F32: 46.34 | G32: 100 | H32: 37.07 | I32: 0 | J32: =IF(SUM($B32:$I32)=0,0,B32/SUM($B32:$I32)) -> 0 | K32: =IF(SUM($B32:$I32)=0,0,C32/SUM($B32:$I32)) -> 0 | L32: =IF(SUM($B32:$I32)=0,0,D32/SUM($B32:$I32)) -> 0.00053157559 | M32: =IF(SUM($B32:$I32)=0,0,E32/SUM($B32:$I32)) -> 0.024505635 | N32: =IF(SUM($B32:$I32)=0,0,F32/SUM($B32:$I32)) -> 0.24633213 | O32: =IF(SUM($B32:$I32)=0,0,G32/SUM($B32:$I32)) -> 0.53157559 | P32: =IF(SUM($B32:$I32)=0,0,H32/SUM($B32:$I32)) -> 0.19705507 | Q32: =IF(SUM($B32:$I32)=0,0,I32/SUM($B32:$I32)) -> 0
A33: T6 | B33: 0 | C33: 0 | D33: 0 | E33: 0.1 | F33: 4.61 | G33: 46.34 | H33: 80 | I33: 16.22 | J33: =IF(SUM($B33:$I33)=0,0,B33/SUM($B33:$I33)) -> 0 | K33: =IF(SUM($B33:$I33)=0,0,C33/SUM($B33:$I33)) -> 0 | L33: =IF(SUM($B33:$I33)=0,0,D33/SUM($B33:$I33)) -> 0 | M33: =IF(SUM($B33:$I33)=0,0,E33/SUM($B33:$I33)) -> 0.00067902492 | N33: =IF(SUM($B33:$I33)=0,0,F33/SUM($B33:$I33)) -> 0.031303049 | O33: =IF(SUM($B33:$I33)=0,0,G33/SUM($B33:$I33)) -> 0.31466015 | P33: =IF(SUM($B33:$I33)=0,0,H33/SUM($B33:$I33)) -> 0.54321994 | Q33: =IF(SUM($B33:$I33)=0,0,I33/SUM($B33:$I33)) -> 0.11013784
A34: T7 | B34: 0 | C34: 0 | D34: 0 | E34: 0 | F34: 0.1 | G34: 4.61 | H34: 37.07 | I34: 35 | J34: =IF(SUM($B34:$I34)=0,0,B34/SUM($B34:$I34)) -> 0 | K34: =IF(SUM($B34:$I34)=0,0,C34/SUM($B34:$I34)) -> 0 | L34: =IF(SUM($B34:$I34)=0,0,D34/SUM($B34:$I34)) -> 0 | M34: =IF(SUM($B34:$I34)=0,0,E34/SUM($B34:$I34)) -> 0 | N34: =IF(SUM($B34:$I34)=0,0,F34/SUM($B34:$I34)) -> 0.0013024225 | O34: =IF(SUM($B34:$I34)=0,0,G34/SUM($B34:$I34)) -> 0.060041678 | P34: =IF(SUM($B34:$I34)=0,0,H34/SUM($B34:$I34)) -> 0.48280802 | Q34: =IF(SUM($B34:$I34)=0,0,I34/SUM($B34:$I34)) -> 0.45584788
A35: T8 | B35: 0 | C35: 0 | D35: 0 | E35: 0 | F35: 0 | G35: 0.1 | H35: 3.69 | I35: 16.22 | J35: =IF(SUM($B35:$I35)=0,0,B35/SUM($B35:$I35)) -> 0 | K35: =IF(SUM($B35:$I35)=0,0,C35/SUM($B35:$I35)) -> 0 | L35: =IF(SUM($B35:$I35)=0,0,D35/SUM($B35:$I35)) -> 0 | M35: =IF(SUM($B35:$I35)=0,0,E35/SUM($B35:$I35)) -> 0 | N35: =IF(SUM($B35:$I35)=0,0,F35/SUM($B35:$I35)) -> 0 | O35: =IF(SUM($B35:$I35)=0,0,G35/SUM($B35:$I35)) -> 0.0049975012 | P35: =IF(SUM($B35:$I35)=0,0,H35/SUM($B35:$I35)) -> 0.1844078 | Q35: =IF(SUM($B35:$I35)=0,0,I35/SUM($B35:$I35)) -> 0.8105947
A37: 던전 상인 판매
A38: 난이도 | B38: UC 가중치 | C38: C 가중치 | D38: R 가중치 | E38: SR 가중치 | F38: SSR 가중치 | G38: UR 가중치 | H38: L 가중치 | I38: E 가중치 | J38: UC 확률 | K38: C 확률 | L38: R 확률 | M38: SR 확률 | N38: SSR 확률 | O38: UR 확률 | P38: L 확률 | Q38: E 확률
A39: T1 | B39: 46.34 | C39: 4.61 | D39: 0.1 | E39: 0 | F39: 0 | G39: 0 | H39: 0 | I39: 0 | J39: =IF(SUM($B39:$I39)=0,0,B39/SUM($B39:$I39)) -> 0.90773751 | K39: =IF(SUM($B39:$I39)=0,0,C39/SUM($B39:$I39)) -> 0.090303624 | L39: =IF(SUM($B39:$I39)=0,0,D39/SUM($B39:$I39)) -> 0.0019588639 | M39: =IF(SUM($B39:$I39)=0,0,E39/SUM($B39:$I39)) -> 0 | N39: =IF(SUM($B39:$I39)=0,0,F39/SUM($B39:$I39)) -> 0 | O39: =IF(SUM($B39:$I39)=0,0,G39/SUM($B39:$I39)) -> 0 | P39: =IF(SUM($B39:$I39)=0,0,H39/SUM($B39:$I39)) -> 0 | Q39: =IF(SUM($B39:$I39)=0,0,I39/SUM($B39:$I39)) -> 0
A40: T2 | B40: 100 | C40: 46.34 | D40: 4.61 | E40: 0.1 | F40: 0 | G40: 0 | H40: 0 | I40: 0 | J40: =IF(SUM($B40:$I40)=0,0,B40/SUM($B40:$I40)) -> 0.66203244 | K40: =IF(SUM($B40:$I40)=0,0,C40/SUM($B40:$I40)) -> 0.30678583 | L40: =IF(SUM($B40:$I40)=0,0,D40/SUM($B40:$I40)) -> 0.030519695 | M40: =IF(SUM($B40:$I40)=0,0,E40/SUM($B40:$I40)) -> 0.00066203244 | N40: =IF(SUM($B40:$I40)=0,0,F40/SUM($B40:$I40)) -> 0 | O40: =IF(SUM($B40:$I40)=0,0,G40/SUM($B40:$I40)) -> 0 | P40: =IF(SUM($B40:$I40)=0,0,H40/SUM($B40:$I40)) -> 0 | Q40: =IF(SUM($B40:$I40)=0,0,I40/SUM($B40:$I40)) -> 0
A41: T3 | B41: 46.34 | C41: 100 | D41: 46.34 | E41: 4.61 | F41: 0 | G41: 0 | H41: 0 | I41: 0 | J41: =IF(SUM($B41:$I41)=0,0,B41/SUM($B41:$I41)) -> 0.23488266 | K41: =IF(SUM($B41:$I41)=0,0,C41/SUM($B41:$I41)) -> 0.50686806 | L41: =IF(SUM($B41:$I41)=0,0,D41/SUM($B41:$I41)) -> 0.23488266 | M41: =IF(SUM($B41:$I41)=0,0,E41/SUM($B41:$I41)) -> 0.023366618 | N41: =IF(SUM($B41:$I41)=0,0,F41/SUM($B41:$I41)) -> 0 | O41: =IF(SUM($B41:$I41)=0,0,G41/SUM($B41:$I41)) -> 0 | P41: =IF(SUM($B41:$I41)=0,0,H41/SUM($B41:$I41)) -> 0 | Q41: =IF(SUM($B41:$I41)=0,0,I41/SUM($B41:$I41)) -> 0
A42: T4 | B42: 4.61 | C42: 46.34 | D42: 100 | E42: 46.34 | F42: 0 | G42: 0 | H42: 0 | I42: 0 | J42: =IF(SUM($B42:$I42)=0,0,B42/SUM($B42:$I42)) -> 0.023366618 | K42: =IF(SUM($B42:$I42)=0,0,C42/SUM($B42:$I42)) -> 0.23488266 | L42: =IF(SUM($B42:$I42)=0,0,D42/SUM($B42:$I42)) -> 0.50686806 | M42: =IF(SUM($B42:$I42)=0,0,E42/SUM($B42:$I42)) -> 0.23488266 | N42: =IF(SUM($B42:$I42)=0,0,F42/SUM($B42:$I42)) -> 0 | O42: =IF(SUM($B42:$I42)=0,0,G42/SUM($B42:$I42)) -> 0 | P42: =IF(SUM($B42:$I42)=0,0,H42/SUM($B42:$I42)) -> 0 | Q42: =IF(SUM($B42:$I42)=0,0,I42/SUM($B42:$I42)) -> 0
A43: T5 | B43: 0.1 | C43: 4.61 | D43: 46.34 | E43: 100 | F43: 0 | G43: 0 | H43: 0 | I43: 0 | J43: =IF(SUM($B43:$I43)=0,0,B43/SUM($B43:$I43)) -> 0.00066203244 | K43: =IF(SUM($B43:$I43)=0,0,C43/SUM($B43:$I43)) -> 0.030519695 | L43: =IF(SUM($B43:$I43)=0,0,D43/SUM($B43:$I43)) -> 0.30678583 | M43: =IF(SUM($B43:$I43)=0,0,E43/SUM($B43:$I43)) -> 0.66203244 | N43: =IF(SUM($B43:$I43)=0,0,F43/SUM($B43:$I43)) -> 0 | O43: =IF(SUM($B43:$I43)=0,0,G43/SUM($B43:$I43)) -> 0 | P43: =IF(SUM($B43:$I43)=0,0,H43/SUM($B43:$I43)) -> 0 | Q43: =IF(SUM($B43:$I43)=0,0,I43/SUM($B43:$I43)) -> 0
A44: T6 | B44: 0 | C44: 0.1 | D44: 4.61 | E44: 46.34 | F44: 0 | G44: 0 | H44: 0 | I44: 0 | J44: =IF(SUM($B44:$I44)=0,0,B44/SUM($B44:$I44)) -> 0 | K44: =IF(SUM($B44:$I44)=0,0,C44/SUM($B44:$I44)) -> 0.0019588639 | L44: =IF(SUM($B44:$I44)=0,0,D44/SUM($B44:$I44)) -> 0.090303624 | M44: =IF(SUM($B44:$I44)=0,0,E44/SUM($B44:$I44)) -> 0.90773751 | N44: =IF(SUM($B44:$I44)=0,0,F44/SUM($B44:$I44)) -> 0 | O44: =IF(SUM($B44:$I44)=0,0,G44/SUM($B44:$I44)) -> 0 | P44: =IF(SUM($B44:$I44)=0,0,H44/SUM($B44:$I44)) -> 0 | Q44: =IF(SUM($B44:$I44)=0,0,I44/SUM($B44:$I44)) -> 0
A45: T7 | B45: 0 | C45: 0 | D45: 0.1 | E45: 4.61 | F45: 0 | G45: 0 | H45: 0 | I45: 0 | J45: =IF(SUM($B45:$I45)=0,0,B45/SUM($B45:$I45)) -> 0 | K45: =IF(SUM($B45:$I45)=0,0,C45/SUM($B45:$I45)) -> 0 | L45: =IF(SUM($B45:$I45)=0,0,D45/SUM($B45:$I45)) -> 0.021231423 | M45: =IF(SUM($B45:$I45)=0,0,E45/SUM($B45:$I45)) -> 0.97876858 | N45: =IF(SUM($B45:$I45)=0,0,F45/SUM($B45:$I45)) -> 0 | O45: =IF(SUM($B45:$I45)=0,0,G45/SUM($B45:$I45)) -> 0 | P45: =IF(SUM($B45:$I45)=0,0,H45/SUM($B45:$I45)) -> 0 | Q45: =IF(SUM($B45:$I45)=0,0,I45/SUM($B45:$I45)) -> 0
A46: T8 | B46: 0 | C46: 0 | D46: 0 | E46: 0.1 | F46: 0 | G46: 0 | H46: 0 | I46: 0 | J46: =IF(SUM($B46:$I46)=0,0,B46/SUM($B46:$I46)) -> 0 | K46: =IF(SUM($B46:$I46)=0,0,C46/SUM($B46:$I46)) -> 0 | L46: =IF(SUM($B46:$I46)=0,0,D46/SUM($B46:$I46)) -> 0 | M46: =IF(SUM($B46:$I46)=0,0,E46/SUM($B46:$I46)) -> 1 | N46: =IF(SUM($B46:$I46)=0,0,F46/SUM($B46:$I46)) -> 0 | O46: =IF(SUM($B46:$I46)=0,0,G46/SUM($B46:$I46)) -> 0 | P46: =IF(SUM($B46:$I46)=0,0,H46/SUM($B46:$I46)) -> 0 | Q46: =IF(SUM($B46:$I46)=0,0,I46/SUM($B46:$I46)) -> 0

Sheet 갑옷패시브
A1: 갑옷 랜덤 패시브
A2: 이름 고정, 등급 = 배율. 패시브 등급은 장비 등급 이하에서 굴림 (같음/−1/−2/그 아래 = 가중치). 같은 이름은 최고 등급 하나만 적용.
A3: 등급 굴림 가중치 | B3: 같은 등급 | C3: 25 | D3: −1 | E3: 35 | F3: −2 | G3: 25 | H3: −3 이하 | I3: 15
G4: 등급 배율 → | H4: 1 | I4: 1.15 | J4: 1.3 | K4: 1.5 | L4: 1.75 | M4: 2 | N4: 2.3 | O4: 2.6
A5: 키 | B5: 이름 | C5: 최저 등급 | D5: 종류 | E5: 효과 | F5: UC 기준 값 | G5: 고정 단점 | H5: UC | I5: C | J5: R | K5: SR | L5: SSR | M5: UR | N5: L | O5: E
A6: iron_heart | B6: 무쇠 심장 | C6: UC | D6: 수치형 | E6: 최대 HP +[값] | F6: 0.03 | H6: =$F6*H$4 -> 0.03 | I6: =$F6*I$4 -> 0.0345 | J6: =$F6*J$4 -> 0.039 | K6: =$F6*K$4 -> 0.045 | L6: =$F6*L$4 -> 0.0525 | M6: =$F6*M$4 -> 0.06 | N6: =$F6*N$4 -> 0.069 | O6: =$F6*O$4 -> 0.078
A7: trained_arm | B7: 단련된 팔 | C7: UC | D7: 수치형 | E7: 공격력 +[값] | F7: 0.02 | H7: =$F7*H$4 -> 0.02 | I7: =$F7*I$4 -> 0.023 | J7: =$F7*J$4 -> 0.026 | K7: =$F7*K$4 -> 0.03 | L7: =$F7*L$4 -> 0.035 | M7: =$F7*M$4 -> 0.04 | N7: =$F7*N$4 -> 0.046 | O7: =$F7*O$4 -> 0.052
A8: light_feet | B8: 가벼운 발 | C8: UC | D8: 수치형 | E8: 이동 속도 +[값] | F8: 0.06 | H8: =$F8*H$4 -> 0.06 | I8: =$F8*I$4 -> 0.069 | J8: =$F8*J$4 -> 0.078 | K8: =$F8*K$4 -> 0.09 | L8: =$F8*L$4 -> 0.105 | M8: =$F8*M$4 -> 0.12 | N8: =$F8*N$4 -> 0.138 | O8: =$F8*O$4 -> 0.156
A9: clear_mind | B9: 맑은 정신 | C9: C | D9: 수치형 | E9: 쿨타임 -[값] | F9: 0.025 | H9: - | I9: =$F9*I$4 -> 0.02875 | J9: =$F9*J$4 -> 0.0325 | K9: =$F9*K$4 -> 0.0375 | L9: =$F9*L$4 -> 0.04375 | M9: =$F9*M$4 -> 0.05 | N9: =$F9*N$4 -> 0.0575 | O9: =$F9*O$4 -> 0.065
A10: oath_guard | B10: 수호의 맹세 | C10: C | D10: 수치형 | E10: 받는 피해 -[값] | F10: 0.02 | H10: - | I10: =$F10*I$4 -> 0.023 | J10: =$F10*J$4 -> 0.026 | K10: =$F10*K$4 -> 0.03 | L10: =$F10*L$4 -> 0.035 | M10: =$F10*M$4 -> 0.04 | N10: =$F10*N$4 -> 0.046 | O10: =$F10*O$4 -> 0.052
A11: breaker | B11: 부수는 손 | C11: R | D11: 수치형 | E11: 그로기 피해 +[값] | F11: 0.06 | H11: - | I11: - | J11: =$F11*J$4 -> 0.078 | K11: =$F11*K$4 -> 0.09 | L11: =$F11*L$4 -> 0.105 | M11: =$F11*M$4 -> 0.12 | N11: =$F11*N$4 -> 0.138 | O11: =$F11*O$4 -> 0.156
A12: hawk_eye | B12: 매의 눈 | C12: R | D12: 수치형 | E12: 치명타 확률 +[값] | F12: 0.025 | H12: - | I12: - | J12: =$F12*J$4 -> 0.0325 | K12: =$F12*K$4 -> 0.0375 | L12: =$F12*L$4 -> 0.04375 | M12: =$F12*M$4 -> 0.05 | N12: =$F12*N$4 -> 0.0575 | O12: =$F12*O$4 -> 0.065
A13: finisher | B13: 결정타 | C13: R | D13: 수치형 | E13: 그로기 적에게 피해 +[값] | F13: 0.06 | H13: - | I13: - | J13: =$F13*J$4 -> 0.078 | K13: =$F13*K$4 -> 0.09 | L13: =$F13*L$4 -> 0.105 | M13: =$F13*M$4 -> 0.12 | N13: =$F13*N$4 -> 0.138 | O13: =$F13*O$4 -> 0.156
A14: firefly | B14: 반딧불 신호 | C14: SR | D14: 규칙형 | E14: 차지·호출을 끊으면 필살기 게이지 +[값] | F14: 8 | H14: - | I14: - | J14: - | K14: =$F14*K$4 -> 12 | L14: =$F14*L$4 -> 14 | M14: =$F14*M$4 -> 16 | N14: =$F14*N$4 -> 18.4 | O14: =$F14*O$4 -> 20.8
A15: first_breath | B15: 첫 숨결 | C15: SR | D15: 규칙형 | E15: 전투 시작 시 필살기 게이지 +[값] | F15: 10 | H15: - | I15: - | J15: - | K15: =$F15*K$4 -> 15 | L15: =$F15*L$4 -> 17.5 | M15: =$F15*M$4 -> 20 | N15: =$F15*N$4 -> 23 | O15: =$F15*O$4 -> 26
A16: stubborn | B16: 끈질긴 생명 | C16: SSR | D16: 규칙형 | E16: HP 25% 이하가 되면 [값] 무적 (전투당 1회) | F16: 1 | H16: - | I16: - | J16: - | K16: - | L16: =$F16*L$4 -> 1.75 | M16: =$F16*M$4 -> 2 | N16: =$F16*N$4 -> 2.3 | O16: =$F16*O$4 -> 2.6
A17: hunter_rain | B17: 여우비 | C17: SSR | D17: 규칙형 | E17: 적이 그로기에 빠지면 ② 쿨타임 [값] 감소 | F17: 0.2 | H17: - | I17: - | J17: - | K17: - | L17: =$F17*L$4 -> 0.35 | M17: =$F17*M$4 -> 0.4 | N17: =$F17*N$4 -> 0.46 | O17: =$F17*O$4 -> 0.52
A18: old_root | B18: 늙은 참나무의 뿌리 | C18: UR | D18: 트레이드오프 | E18: 그로기 피해 +[값] | F18: 0.08 | G18: 이동 속도 -20% | H18: - | I18: - | J18: - | K18: - | L18: - | M18: =$F18*M$4 -> 0.16 | N18: =$F18*N$4 -> 0.184 | O18: =$F18*O$4 -> 0.208
A19: berserk | B19: 광전사의 피 | C19: UR | D19: 트레이드오프 | E19: 공격력 +[값] | F19: 0.06 | G19: 받는 피해 +12% | H19: - | I19: - | J19: - | K19: - | L19: - | M19: =$F19*M$4 -> 0.12 | N19: =$F19*N$4 -> 0.138 | O19: =$F19*O$4 -> 0.156
A20: moon_oath | B20: 달빛 맹세 | C20: L | D20: 트레이드오프 | E20: 그로기 적에게 피해 +[값] | F20: 0.16 | G20: 그로기 게이지가 있는 적이 그로기가 아닐 때 피해 -20% | H20: - | I20: - | J20: - | K20: - | L20: - | M20: - | N20: =$F20*N$4 -> 0.368 | O20: =$F20*O$4 -> 0.416
A21: first_light | B21: 숲의 첫 숨 | C21: E | D21: 트레이드오프 | E21: 필살기 위력 +[값] | F21: 0.13 | G21: 필살기 게이지는 그로기 적이 있을 때만 참 | H21: - | I21: - | J21: - | K21: - | L21: - | M21: - | N21: - | O21: =$F21*O$4 -> 0.338

Sheet 강화
A1: 장비 강화
A2: 실패 보정: 실패마다 기본 확률의 10%씩(최대 2배). 장인의 기운 += 현재 확률 × 0.465, 100%면 확정 성공. 장비 파괴·단계 하락 없음.
A3: 단계당 주 스탯 | B3: 0.06 | C3: 보정 단위 | D3: 0.1 | E3: 장인 계수 | F3: 0.465
A5: 목표 단계 | B5: 기본 확률 | C5: 최대 확률(보정) | D5: 강화석 | E5: 골드 | F5: 주 스탯 누적 | G5: 기운만으로 확정까지 실패 횟수(근사) | H5: 외형
A6: +1 | B6: 1 | C6: =MIN(1,B6*2) -> 1 | D6: 1 | E6: 20 | F6: =1+$B$3*1 -> 1.06 | G6: =IF(B6>=1,0,ROUNDUP(1/(C6*$F$3),0)) -> 0
A7: +2 | B7: 1 | C7: =MIN(1,B7*2) -> 1 | D7: 1 | E7: 30 | F7: =1+$B$3*2 -> 1.12 | G7: =IF(B7>=1,0,ROUNDUP(1/(C7*$F$3),0)) -> 0
A8: +3 | B8: 0.95 | C8: =MIN(1,B8*2) -> 1 | D8: 2 | E8: 40 | F8: =1+$B$3*3 -> 1.18 | G8: =IF(B8>=1,0,ROUNDUP(1/(C8*$F$3),0)) -> 3
A9: +4 | B9: 0.9 | C9: =MIN(1,B9*2) -> 1 | D9: 2 | E9: 55 | F9: =1+$B$3*4 -> 1.24 | G9: =IF(B9>=1,0,ROUNDUP(1/(C9*$F$3),0)) -> 3
A10: +5 | B10: 0.85 | C10: =MIN(1,B10*2) -> 1 | D10: 3 | E10: 70 | F10: =1+$B$3*5 -> 1.3 | G10: =IF(B10>=1,0,ROUNDUP(1/(C10*$F$3),0)) -> 3 | H10: 외형 1단계
A11: +6 | B11: 0.75 | C11: =MIN(1,B11*2) -> 1 | D11: 3 | E11: 90 | F11: =1+$B$3*6 -> 1.36 | G11: =IF(B11>=1,0,ROUNDUP(1/(C11*$F$3),0)) -> 3
A12: +7 | B12: 0.65 | C12: =MIN(1,B12*2) -> 1 | D12: 4 | E12: 110 | F12: =1+$B$3*7 -> 1.42 | G12: =IF(B12>=1,0,ROUNDUP(1/(C12*$F$3),0)) -> 3
A13: +8 | B13: 0.55 | C13: =MIN(1,B13*2) -> 1 | D13: 4 | E13: 135 | F13: =1+$B$3*8 -> 1.48 | G13: =IF(B13>=1,0,ROUNDUP(1/(C13*$F$3),0)) -> 3
A14: +9 | B14: 0.45 | C14: =MIN(1,B14*2) -> 0.9 | D14: 5 | E14: 160 | F14: =1+$B$3*9 -> 1.54 | G14: =IF(B14>=1,0,ROUNDUP(1/(C14*$F$3),0)) -> 3
A15: +10 | B15: 0.35 | C15: =MIN(1,B15*2) -> 0.7 | D15: 6 | E15: 190 | F15: =1+$B$3*10 -> 1.6 | G15: =IF(B15>=1,0,ROUNDUP(1/(C15*$F$3),0)) -> 4 | H15: 외형 2단계
A16: +11 | B16: 0.25 | C16: =MIN(1,B16*2) -> 0.5 | D16: 7 | E16: 230 | F16: =1+$B$3*11 -> 1.66 | G16: =IF(B16>=1,0,ROUNDUP(1/(C16*$F$3),0)) -> 5
A17: +12 | B17: 0.18 | C17: =MIN(1,B17*2) -> 0.36 | D17: 8 | E17: 270 | F17: =1+$B$3*12 -> 1.72 | G17: =IF(B17>=1,0,ROUNDUP(1/(C17*$F$3),0)) -> 6
A18: +13 | B18: 0.12 | C18: =MIN(1,B18*2) -> 0.24 | D18: 10 | E18: 320 | F18: =1+$B$3*13 -> 1.78 | G18: =IF(B18>=1,0,ROUNDUP(1/(C18*$F$3),0)) -> 9
A19: +14 | B19: 0.08 | C19: =MIN(1,B19*2) -> 0.16 | D19: 12 | E19: 380 | F19: =1+$B$3*14 -> 1.84 | G19: =IF(B19>=1,0,ROUNDUP(1/(C19*$F$3),0)) -> 14
A20: +15 | B20: 0.05 | C20: =MIN(1,B20*2) -> 0.1 | D20: 15 | E20: 450 | F20: =1+$B$3*15 -> 1.9 | G20: =IF(B20>=1,0,ROUNDUP(1/(C20*$F$3),0)) -> 22 | H20: 외형 3단계
A22: 등급별 강화 한도
A23: UC | B23: C | C23: R | D23: SR | E23: SSR | F23: UR | G23: L | H23: E
A24: 5 | B24: 7 | C24: 9 | D24: 11 | E24: 13 | F24: 15 | G24: 15 | H24: 15
A26: 분해 시 강화석
A27: UC | B27: C | C27: R | D27: SR | E27: SSR | F27: UR | G27: L | H27: E
A28: 1 | B28: 2 | C28: 3 | D28: 5 | E28: 8 | F28: 12 | G28: 18 | H28: 25
A29: 분해 강화석 = 등급 값 + 강화 단계. 전투 보상 강화석: 일반 2 · 정예 4 · 보스 8.

Sheet 밸런스분석
A1: 밸런스 분석
A2: 전투력(%) = 장비 풀세트(6부위)가 올려주는 전투력 근사. 승률 = 헤드리스 전투 시뮬.
A4: ① 등급별 풀세트 전투력(%) — 직업별 · 기대값
A5: 직업 | B5: UC | C5: C | D5: R | E5: SR | F5: SSR | G5: UR | H5: L | I5: E | J5: E/UR
A6: 탱커 | B6: 18.1 | C6: 26 | D6: 38 | E6: 54.9 | F6: 74.9 | G6: 99.7 | H6: 122.4 | I6: 143.7 | J6: =I6/G6 -> 1.441324
A7: 근딜 | B7: 18.1 | C7: 26 | D7: 38 | E7: 54.9 | F7: 75 | G7: 99.8 | H7: 121.9 | I7: 142.1 | J7: =I7/G7 -> 1.4238477
A8: 원딜 | B8: 17.6 | C8: 25.3 | D8: 37.1 | E8: 53.8 | F8: 73.6 | G8: 98.1 | H8: 119.9 | I8: 139.4 | J8: =I8/G8 -> 1.420999
A9: 매지션 | B9: 18.2 | C9: 26.1 | D9: 38.2 | E9: 55.1 | F9: 75.1 | G9: 100 | H9: 122.1 | I9: 142.3 | J9: =I9/G9 -> 1.423
A10: 서포터 | B10: 18.5 | C10: 26.5 | D10: 38.6 | E10: 55.7 | F10: 75.9 | G10: 100.8 | H10: 123.7 | I10: 145 | J10: =I10/G10 -> 1.4384921
A11: 평균 | B11: =AVERAGE(B6:B10) -> 18.1 | C11: =AVERAGE(C6:C10) -> 25.98 | D11: =AVERAGE(D6:D10) -> 37.98 | E11: =AVERAGE(E6:E10) -> 54.88 | F11: =AVERAGE(F6:F10) -> 74.9 | G11: =AVERAGE(G6:G10) -> 99.68 | H11: =AVERAGE(H6:H10) -> 122 | I11: =AVERAGE(I6:I10) -> 142.5 | J11: =AVERAGE(J6:J10) -> 1.4295325
A12: 직업 편차 | B12: =MAX(B6:B10)/MIN(B6:B10)-1 -> 0.051136364 | C12: =MAX(C6:C10)/MIN(C6:C10)-1 -> 0.04743083 | D12: =MAX(D6:D10)/MIN(D6:D10)-1 -> 0.040431267 | E12: =MAX(E6:E10)/MIN(E6:E10)-1 -> 0.035315985 | F12: =MAX(F6:F10)/MIN(F6:F10)-1 -> 0.03125 | G12: =MAX(G6:G10)/MIN(G6:G10)-1 -> 0.027522936 | H12: =MAX(H6:H10)/MIN(H6:H10)-1 -> 0.031693078 | I12: =MAX(I6:I10)/MIN(I6:I10)-1 -> 0.040172166
A13: 직업 간 편차가 작을수록 공정. 목표 ±5% 이내.
A15: ② 전투력 구성 (탱커 기준, %)
A16: 구성 | B16: UC | C16: C | D16: R | E16: SR | F16: SSR | G16: UR | H16: L | I16: E
A17: 주 스탯 | B17: 15.2 | C17: 22 | D17: 25.8 | E17: 31.9 | F17: 38.7 | G17: 46.3 | H17: 48.6 | I17: 50.1
A18: 고유 효과 | B18: 2.9 | C18: 4 | D18: 4.4 | E18: 5.1 | F18: 5.9 | G18: 6.7 | H18: 7.8 | I18: 8.8
A19: 추가 옵션 | B19: 0 | C19: 0 | D19: 7.8 | E19: 17.9 | F19: 30.3 | G19: 46.6 | H19: 48.2 | I19: 49.1
A20: 특성 스탯 | B20: 0 | C20: 0 | D20: 0 | E20: 0 | F20: 0 | G20: 0 | H20: 2.5 | I20: 7.2
A21: 스킬 보너스 | B21: 0 | C21: 0 | D21: 0 | E21: 0 | F21: 0 | G21: 0 | H21: 2.8 | I21: 6.9
A22: 보석 | B22: 0 | C22: 0 | D22: 0 | E22: 0 | F22: 0 | G22: 0 | H22: 12.6 | I22: 21.6
A24: ③ 최대 누적 vs 상한 (E 풀세트 최악의 경우)
A25: 스탯 | B25: 최대 누적 | C25: 상한 | D25: 상한 초과 | E25: 출처
A26: 받는 피해 감소 | B26: 0.514 | C26: 0.5 | D26: =IF(B26>C26,"초과 → 상한 적용","OK") -> 초과 → 상한 적용 | E26: 옵션(부위당 1줄) + E 보석 3개×6부위 + 주 스탯 + 특성 스탯(무기·갑옷·메달)
A27: 쿨타임 감소 | B27: 0.528 | C27: 0.4 | D27: =IF(B27>C27,"초과 → 상한 적용","OK") -> 초과 → 상한 적용 | E27: 옵션(부위당 1줄) + E 보석 3개×6부위 + 주 스탯
A28: 치명타 확률 | B28: 0.723 | C28: 0.6 | D28: =IF(B28>C28,"초과 → 상한 적용","OK") -> 초과 → 상한 적용 | E28: 옵션(부위당 1줄) + E 보석 3개×6부위 + 주 스탯 + 특성 스탯(무기·갑옷·메달)
A29: 공격 속도 | B29: 0.279 | C29: 0.5 | D29: =IF(B29>C29,"초과 → 상한 적용","OK") -> OK | E29: 옵션(부위당 1줄) + 주 스탯
A30: 이동 속도 | B30: 0.655 | C30: 0.5 | D30: =IF(B30>C30,"초과 → 상한 적용","OK") -> 초과 → 상한 적용 | E30: 옵션(부위당 1줄) + 주 스탯
A31: 필살기 충전 | B31: 1.718 | C31: 0.8 | D31: =IF(B31>C31,"초과 → 상한 적용","OK") -> 초과 → 상한 적용 | E31: 옵션(부위당 1줄) + E 보석 3개×6부위 + 주 스탯
A32: 치명타 피해 | B32: 1.389 | C32: - | D32: 상한 없음 | E32: 옵션(부위당 1줄) + 주 스탯 + 특성 스탯(무기·갑옷·메달)
A33: 스킬 피해 | B33: 1.499 | C33: - | D33: 상한 없음 | E33: 옵션(부위당 1줄) + E 보석 3개×6부위 + 주 스탯 + 특성 스탯(무기·갑옷·메달)
A34: 회복량 | B34: 1.518 | C34: - | D34: 상한 없음 | E34: 옵션(부위당 1줄) + E 보석 3개×6부위 + 주 스탯 + 특성 스탯(무기·갑옷·메달)
A35: 공격력% | B35: 0.737 | C35: - | D35: 상한 없음 | E35: 옵션(부위당 1줄) + E 보석 3개×6부위 + 주 스탯
A36: 체력% | B36: 0.969 | C36: - | D36: 상한 없음 | E36: 옵션(부위당 1줄) + E 보석 3개×6부위 + 주 스탯
A37: 초과분은 게임에서 상한으로 잘림 (CONST.STAT_CAPS). 일부러 한 스탯을 몰아도 상한까지만 → 빌드 다양성 유도.
A39: ④ 시뮬 승률 — 기믹 공략 (기절로 차지 끊기, 그로기에 필살기 집중, 위험 범위 회피)
A40: 행 = 난이도, 열 = 장비 등급. 값 = 일반/정예/보스 평균 승률. 대각선(권장 등급)이 기믹 기준 85% 근처가 목표.
A41: 난이도 | B41: 없음 | C41: UC | D41: C | E41: R | F41: SR | G41: SSR | H41: UR | I41: L | J41: E
A42: T1 견습 (UC) | B42: 0.389 | C42: 0.861 | D42: 0.889 | E42: 0.945 | F42: 0.972 | G42: 1 | H42: 1 | I42: 1 | J42: 1
A43: T2 숙련 (C) | B43: 0.389 | C43: 0.528 | D43: 0.833 | E43: 0.945 | F43: 1 | G43: 1 | H43: 1 | I43: 1 | J43: 1
A44: T3 정예 (R) | B44: 0.25 | C44: 0.528 | D44: 0.611 | E44: 0.889 | F44: 1 | G44: 1 | H44: 1 | I44: 1 | J44: 1
A45: T4 영웅 (SR) | B45: 0.056 | C45: 0.278 | D45: 0.417 | E45: 0.555 | F45: 0.861 | G45: 0.972 | H45: 1 | I45: 1 | J45: 1
A46: T5 전설 (SSR) | B46: 0 | C46: 0.111 | D46: 0.194 | E46: 0.333 | F46: 0.639 | G46: 0.833 | H46: 0.972 | I46: 1 | J46: 1
A47: T6 신화 (UR) | B47: 0 | C47: 0 | D47: 0.028 | E47: 0.278 | F47: 0.278 | G47: 0.528 | H47: 0.917 | I47: 1 | J47: 1
A48: T7 고대 (L) | B48: 0 | C48: 0 | D48: 0 | E48: 0 | F48: 0.028 | G48: 0.166 | H48: 0.445 | I48: 0.861 | J48: 0.972
A49: T8 태초 (E) | B49: 0 | C49: 0 | D49: 0 | E49: 0 | F49: 0 | G49: 0.111 | H49: 0.278 | I49: 0.444 | J49: 0.889
A51: ⑤ 시뮬 승률 — 딜만 (쿨마다 스킬 난사, 가까운 적만 공격)
A52: 행 = 난이도, 열 = 장비 등급. 값 = 일반/정예/보스 평균 승률. 대각선(권장 등급)이 기믹 기준 85% 근처가 목표.
A53: 난이도 | B53: 없음 | C53: UC | D53: C | E53: R | F53: SR | G53: SSR | H53: UR | I53: L | J53: E
A54: T1 견습 (UC) | B54: 0.278 | C54: 0.445 | D54: 0.528 | E54: 0.722 | F54: 0.833 | G54: 0.889 | H54: 0.972 | I54: 1 | J54: 1
A55: T2 숙련 (C) | B55: 0.278 | C55: 0.361 | D55: 0.472 | E55: 0.583 | F55: 0.805 | G55: 0.861 | H55: 1 | I55: 1 | J55: 1
A56: T3 정예 (R) | B56: 0.056 | C56: 0.361 | D56: 0.306 | E56: 0.556 | F56: 0.75 | G56: 0.861 | H56: 0.889 | I56: 1 | J56: 1
A57: T4 영웅 (SR) | B57: 0 | C57: 0.167 | D57: 0.333 | E57: 0.25 | F57: 0.528 | G57: 0.667 | H57: 0.861 | I57: 1 | J57: 0.972
A58: T5 전설 (SSR) | B58: 0 | C58: 0 | D58: 0.083 | E58: 0.25 | F58: 0.333 | G58: 0.444 | H58: 0.695 | I58: 0.889 | J58: 1
A59: T6 신화 (UR) | B59: 0 | C59: 0 | D59: 0 | E59: 0.056 | F59: 0.167 | G59: 0.278 | H59: 0.611 | I59: 0.861 | J59: 0.889
A60: T7 고대 (L) | B60: 0 | C60: 0 | D60: 0 | E60: 0 | F60: 0.028 | G60: 0.139 | H60: 0.361 | I60: 0.528 | J60: 0.722
A61: T8 태초 (E) | B61: 0 | C61: 0 | D61: 0 | E61: 0 | F61: 0 | G61: 0.056 | H61: 0.111 | I61: 0.333 | J61: 0.528
A63: ⑥ 딜찍누 지수 — 같은 등급에서 기믹 vs 딜만, 딜만으로 85%를 넘으려면 필요한 등급 차이
A64: 난이도 | B64: 권장 등급 | C64: 기믹 승률 | D64: 딜만 승률 | E64: 차이 | F64: 딜만 85%에 필요한 추가 등급
A65: T1 | B65: UC | C65: 0.86 | D65: 0.44 | E65: =C65-D65 -> 0.42 | F65: +4등급
A66: T2 | B66: C | C66: 0.83 | D66: 0.47 | E66: =C66-D66 -> 0.36 | F66: +3등급
A67: T3 | B67: R | C67: 0.89 | D67: 0.56 | E67: =C67-D67 -> 0.33 | F67: +2등급
A68: T4 | B68: SR | C68: 0.86 | D68: 0.53 | E68: =C68-D68 -> 0.33 | F68: +2등급
A69: T5 | B69: SSR | C69: 0.83 | D69: 0.44 | E69: =C69-D69 -> 0.39 | F69: +2등급
A70: T6 | B70: UR | C70: 0.92 | D70: 0.61 | E70: =C70-D70 -> 0.31 | F70: +1등급
A71: T7 | B71: L | C71: 0.86 | D71: 0.53 | E71: =C71-D71 -> 0.33 | F71: 장비 범위 안에서 불가
A72: T8 | B72: E | C72: 0.89 | D72: 0.53 | E72: =C72-D72 -> 0.36 | F72: 장비 범위 안에서 불가
A73: 시뮬 결과 값은 tools/equip_balance.cjs (SEEDS=4, 조합 3개) 실행 결과. 재생성: node tools/equip_balance.cjs → python3 tools/build_equipment_xlsx.py
